{"Friedman statistic": 16.388059701492526, "Friedman pvalue": 0.01181591794773393, "Average ranks": "{\"PSO\":0.7,\"PSO_GPGM\":0.6142857143,\"PSO_NPGM\":0.6142857143,\"PSO_PDM\":0.6142857143,\"PSO_RR\":0.6142857143,\"PSO_SRM\":0.7,\"SHADE\":0.1428571429}", "Nemenyi Friedman": "{\"PSO\":{\"PSO\":1.0,\"SHADE\":0.0651334591,\"PSO_RR\":0.9994588575,\"PSO_GPGM\":0.9994588575,\"PSO_NPGM\":0.9994588575,\"PSO_PDM\":0.9994588575,\"PSO_SRM\":1.0},\"SHADE\":{\"PSO\":0.0651334591,\"SHADE\":1.0,\"PSO_RR\":0.1919432103,\"PSO_GPGM\":0.1919432103,\"PSO_NPGM\":0.1919432103,\"PSO_PDM\":0.1919432103,\"PSO_SRM\":0.0651334591},\"PSO_RR\":{\"PSO\":0.9994588575,\"SHADE\":0.1919432103,\"PSO_RR\":1.0,\"PSO_GPGM\":1.0,\"PSO_NPGM\":1.0,\"PSO_PDM\":1.0,\"PSO_SRM\":0.9994588575},\"PSO_GPGM\":{\"PSO\":0.9994588575,\"SHADE\":0.1919432103,\"PSO_RR\":1.0,\"PSO_GPGM\":1.0,\"PSO_NPGM\":1.0,\"PSO_PDM\":1.0,\"PSO_SRM\":0.9994588575},\"PSO_NPGM\":{\"PSO\":0.9994588575,\"SHADE\":0.1919432103,\"PSO_RR\":1.0,\"PSO_GPGM\":1.0,\"PSO_NPGM\":1.0,\"PSO_PDM\":1.0,\"PSO_SRM\":0.9994588575},\"PSO_PDM\":{\"PSO\":0.9994588575,\"SHADE\":0.1919432103,\"PSO_RR\":1.0,\"PSO_GPGM\":1.0,\"PSO_NPGM\":1.0,\"PSO_PDM\":1.0,\"PSO_SRM\":0.9994588575},\"PSO_SRM\":{\"PSO\":1.0,\"SHADE\":0.0651334591,\"PSO_RR\":0.9994588575,\"PSO_GPGM\":0.9994588575,\"PSO_NPGM\":0.9994588575,\"PSO_PDM\":0.9994588575,\"PSO_SRM\":1.0}}"}