{"Friedman statistic": 27.94285714285715, "Friedman pvalue": 9.631976609554286e-05, "Average ranks": "{\"PSO\":0.9142857143,\"PSO_GPGM\":0.5142857143,\"PSO_NPGM\":0.5428571429,\"PSO_PDM\":0.9428571429,\"PSO_RR\":0.2857142857,\"PSO_SRM\":0.6571428571,\"SHADE\":0.1428571429}", "Nemenyi Friedman": "{\"PSO\":{\"PSO\":1.0,\"SHADE\":0.0015047501,\"PSO_RR\":0.0217912368,\"PSO_GPGM\":0.3833648396,\"PSO_NPGM\":0.4782106192,\"PSO_PDM\":0.9999991719,\"PSO_SRM\":0.8440405986},\"SHADE\":{\"PSO\":0.0015047501,\"SHADE\":1.0,\"PSO_RR\":0.9906454989,\"PSO_GPGM\":0.4782106192,\"PSO_NPGM\":0.3833648396,\"PSO_PDM\":0.0008200331,\"PSO_SRM\":0.1155635841},\"PSO_RR\":{\"PSO\":0.0217912368,\"SHADE\":0.9906454989,\"PSO_RR\":1.0,\"PSO_GPGM\":0.9050960943,\"PSO_NPGM\":0.8440405986,\"PSO_PDM\":0.0134230336,\"PSO_SRM\":0.4782106192},\"PSO_GPGM\":{\"PSO\":0.3833648396,\"SHADE\":0.4782106192,\"PSO_RR\":0.9050960943,\"PSO_GPGM\":1.0,\"PSO_NPGM\":0.9999991719,\"PSO_PDM\":0.2976370473,\"PSO_SRM\":0.9906454989},\"PSO_NPGM\":{\"PSO\":0.4782106192,\"SHADE\":0.3833648396,\"PSO_RR\":0.8440405986,\"PSO_GPGM\":0.9999991719,\"PSO_NPGM\":1.0,\"PSO_PDM\":0.3833648396,\"PSO_SRM\":0.9972342152},\"PSO_PDM\":{\"PSO\":0.9999991719,\"SHADE\":0.0008200331,\"PSO_RR\":0.0134230336,\"PSO_GPGM\":0.2976370473,\"PSO_NPGM\":0.3833648396,\"PSO_PDM\":1.0,\"PSO_SRM\":0.7663785771},\"PSO_SRM\":{\"PSO\":0.8440405986,\"SHADE\":0.1155635841,\"PSO_RR\":0.4782106192,\"PSO_GPGM\":0.9906454989,\"PSO_NPGM\":0.9972342152,\"PSO_PDM\":0.7663785771,\"PSO_SRM\":1.0}}"}