{"Friedman statistic": 26.91428571428571, "Friedman pvalue": 0.00015026055342135214, "Average ranks": "{\"PSO\":1.0,\"PSO_GPGM\":0.5714285714,\"PSO_NPGM\":0.5142857143,\"PSO_PDM\":0.7714285714,\"PSO_RR\":0.2857142857,\"PSO_SRM\":0.7142857143,\"SHADE\":0.1428571429}", "Nemenyi Friedman": "{\"PSO\":{\"PSO\":1.0,\"SHADE\":0.0002272968,\"PSO_RR\":0.0047195829,\"PSO_GPGM\":0.2976370473,\"PSO_NPGM\":0.1632981454,\"PSO_PDM\":0.9050960943,\"PSO_SRM\":0.7663785771},\"SHADE\":{\"PSO\":0.0002272968,\"SHADE\":1.0,\"PSO_RR\":0.9906454989,\"PSO_GPGM\":0.2976370473,\"PSO_NPGM\":0.4782106192,\"PSO_PDM\":0.0217912368,\"PSO_SRM\":0.0530439276},\"PSO_RR\":{\"PSO\":0.0047195829,\"SHADE\":0.9906454989,\"PSO_RR\":1.0,\"PSO_GPGM\":0.7663785771,\"PSO_NPGM\":0.9050960943,\"PSO_PDM\":0.1632981454,\"PSO_SRM\":0.2976370473},\"PSO_GPGM\":{\"PSO\":0.2976370473,\"SHADE\":0.2976370473,\"PSO_RR\":0.7663785771,\"PSO_GPGM\":1.0,\"PSO_NPGM\":0.9999491375,\"PSO_PDM\":0.9484982703,\"PSO_SRM\":0.9906454989},\"PSO_NPGM\":{\"PSO\":0.1632981454,\"SHADE\":0.4782106192,\"PSO_RR\":0.9050960943,\"PSO_GPGM\":0.9999491375,\"PSO_NPGM\":1.0,\"PSO_PDM\":0.8440405986,\"PSO_SRM\":0.9484982703},\"PSO_PDM\":{\"PSO\":0.9050960943,\"SHADE\":0.0217912368,\"PSO_RR\":0.1632981454,\"PSO_GPGM\":0.9484982703,\"PSO_NPGM\":0.8440405986,\"PSO_PDM\":1.0,\"PSO_SRM\":0.9999491375},\"PSO_SRM\":{\"PSO\":0.7663785771,\"SHADE\":0.0530439276,\"PSO_RR\":0.2976370473,\"PSO_GPGM\":0.9906454989,\"PSO_NPGM\":0.9484982703,\"PSO_PDM\":0.9999491375,\"PSO_SRM\":1.0}}"}