{"Friedman statistic": 27.514285714285705, "Friedman pvalue": 0.00011596128617463307, "Average ranks": "{\"PSO\":0.8571428571,\"PSO_GPGM\":0.6,\"PSO_NPGM\":0.3142857143,\"PSO_PDM\":0.6,\"PSO_RR\":0.1428571429,\"PSO_SRM\":0.4857142857,\"SHADE\":1.0}", "Nemenyi Friedman": "{\"PSO\":{\"PSO\":1.0,\"SHADE\":0.9906454989,\"PSO_RR\":0.0047195829,\"PSO_GPGM\":0.8440405986,\"PSO_NPGM\":0.0794182833,\"PSO_PDM\":0.8440405986,\"PSO_SRM\":0.4782106192},\"SHADE\":{\"PSO\":0.9906454989,\"SHADE\":1.0,\"PSO_RR\":0.0002272968,\"PSO_GPGM\":0.3833648396,\"PSO_NPGM\":0.0080594293,\"PSO_PDM\":0.3833648396,\"PSO_SRM\":0.1155635841},\"PSO_RR\":{\"PSO\":0.0047195829,\"SHADE\":0.0002272968,\"PSO_RR\":1.0,\"PSO_GPGM\":0.2238966868,\"PSO_NPGM\":0.9758354096,\"PSO_PDM\":0.2238966868,\"PSO_SRM\":0.5776101297},\"PSO_GPGM\":{\"PSO\":0.8440405986,\"SHADE\":0.3833648396,\"PSO_RR\":0.2238966868,\"PSO_GPGM\":1.0,\"PSO_NPGM\":0.7663785771,\"PSO_PDM\":1.0,\"PSO_SRM\":0.9972342152},\"PSO_NPGM\":{\"PSO\":0.0794182833,\"SHADE\":0.0080594293,\"PSO_RR\":0.9758354096,\"PSO_GPGM\":0.7663785771,\"PSO_NPGM\":1.0,\"PSO_PDM\":0.7663785771,\"PSO_SRM\":0.9758354096},\"PSO_PDM\":{\"PSO\":0.8440405986,\"SHADE\":0.3833648396,\"PSO_RR\":0.2238966868,\"PSO_GPGM\":1.0,\"PSO_NPGM\":0.7663785771,\"PSO_PDM\":1.0,\"PSO_SRM\":0.9972342152},\"PSO_SRM\":{\"PSO\":0.4782106192,\"SHADE\":0.1155635841,\"PSO_RR\":0.5776101297,\"PSO_GPGM\":0.9972342152,\"PSO_NPGM\":0.9758354096,\"PSO_PDM\":0.9972342152,\"PSO_SRM\":1.0}}"}