{"Friedman statistic": 22.251428571428598, "Friedman pvalue": 0.0010901645805227369, "Average ranks": "{\"PSO\":0.5857142857,\"PSO_GPGM\":0.5857142857,\"PSO_NPGM\":0.4142857143,\"PSO_PDM\":0.5857142857,\"PSO_RR\":0.3571428571,\"PSO_SRM\":0.4714285714,\"SHADE\":1.0}", "Nemenyi Friedman": "{\"PSO\":{\"PSO\":1.0,\"SHADE\":0.3391400649,\"PSO_RR\":0.9050960943,\"PSO_GPGM\":1.0,\"PSO_NPGM\":0.9758354096,\"PSO_PDM\":1.0,\"PSO_SRM\":0.9972342152},\"SHADE\":{\"PSO\":0.3391400649,\"SHADE\":1.0,\"PSO_RR\":0.0171582473,\"PSO_GPGM\":0.3391400649,\"PSO_NPGM\":0.0429000703,\"PSO_PDM\":0.3391400649,\"PSO_SRM\":0.0961481485},\"PSO_RR\":{\"PSO\":0.9050960943,\"SHADE\":0.0171582473,\"PSO_RR\":1.0,\"PSO_GPGM\":0.9050960943,\"PSO_NPGM\":0.9999491375,\"PSO_PDM\":0.9050960943,\"PSO_SRM\":0.9972342152},\"PSO_GPGM\":{\"PSO\":1.0,\"SHADE\":0.3391400649,\"PSO_RR\":0.9050960943,\"PSO_GPGM\":1.0,\"PSO_NPGM\":0.9758354096,\"PSO_PDM\":1.0,\"PSO_SRM\":0.9972342152},\"PSO_NPGM\":{\"PSO\":0.9758354096,\"SHADE\":0.0429000703,\"PSO_RR\":0.9999491375,\"PSO_GPGM\":0.9758354096,\"PSO_NPGM\":1.0,\"PSO_PDM\":0.9758354096,\"PSO_SRM\":0.9999491375},\"PSO_PDM\":{\"PSO\":1.0,\"SHADE\":0.3391400649,\"PSO_RR\":0.9050960943,\"PSO_GPGM\":1.0,\"PSO_NPGM\":0.9758354096,\"PSO_PDM\":1.0,\"PSO_SRM\":0.9972342152},\"PSO_SRM\":{\"PSO\":0.9972342152,\"SHADE\":0.0961481485,\"PSO_RR\":0.9972342152,\"PSO_GPGM\":0.9972342152,\"PSO_NPGM\":0.9999491375,\"PSO_PDM\":0.9972342152,\"PSO_SRM\":1.0}}"}