{"Friedman statistic": 25.542857142857144, "Friedman pvalue": 0.00027080144232296215, "Average ranks": "{\"PSO\":0.9714285714,\"PSO_GPGM\":0.4285714286,\"PSO_NPGM\":0.3428571429,\"PSO_PDM\":0.7428571429,\"PSO_RR\":0.1428571429,\"PSO_SRM\":0.6,\"SHADE\":0.7714285714}", "Nemenyi Friedman": "{\"PSO\":{\"PSO\":1.0,\"SHADE\":0.9484982703,\"PSO_RR\":0.0004366741,\"PSO_GPGM\":0.0794182833,\"PSO_NPGM\":0.0217912368,\"PSO_PDM\":0.9050960943,\"PSO_SRM\":0.4782106192},\"SHADE\":{\"PSO\":0.9484982703,\"SHADE\":1.0,\"PSO_RR\":0.0217912368,\"PSO_GPGM\":0.5776101297,\"PSO_NPGM\":0.2976370473,\"PSO_PDM\":0.9999991719,\"PSO_SRM\":0.9758354096},\"PSO_RR\":{\"PSO\":0.0004366741,\"SHADE\":0.0217912368,\"PSO_RR\":1.0,\"PSO_GPGM\":0.7663785771,\"PSO_NPGM\":0.9484982703,\"PSO_PDM\":0.0344598173,\"PSO_SRM\":0.2238966868},\"PSO_GPGM\":{\"PSO\":0.0794182833,\"SHADE\":0.5776101297,\"PSO_RR\":0.7663785771,\"PSO_GPGM\":1.0,\"PSO_NPGM\":0.9994588575,\"PSO_PDM\":0.6757402287,\"PSO_SRM\":0.9758354096},\"PSO_NPGM\":{\"PSO\":0.0217912368,\"SHADE\":0.2976370473,\"PSO_RR\":0.9484982703,\"PSO_GPGM\":0.9994588575,\"PSO_NPGM\":1.0,\"PSO_PDM\":0.3833648396,\"PSO_SRM\":0.8440405986},\"PSO_PDM\":{\"PSO\":0.9050960943,\"SHADE\":0.9999991719,\"PSO_RR\":0.0344598173,\"PSO_GPGM\":0.6757402287,\"PSO_NPGM\":0.3833648396,\"PSO_PDM\":1.0,\"PSO_SRM\":0.9906454989},\"PSO_SRM\":{\"PSO\":0.4782106192,\"SHADE\":0.9758354096,\"PSO_RR\":0.2238966868,\"PSO_GPGM\":0.9758354096,\"PSO_NPGM\":0.8440405986,\"PSO_PDM\":0.9906454989,\"PSO_SRM\":1.0}}"}