{"Friedman statistic": 22.97142857142856, "Friedman pvalue": 0.0008061046124939615, "Average ranks": "{\"PSO\":0.7142857143,\"PSO_GPGM\":0.3428571429,\"PSO_NPGM\":0.3428571429,\"PSO_PDM\":0.6,\"PSO_RR\":0.2571428571,\"PSO_SRM\":0.7428571429,\"SHADE\":1.0}", "Nemenyi Friedman": "{\"PSO\":{\"PSO\":1.0,\"SHADE\":0.7663785771,\"PSO_RR\":0.2238966868,\"PSO_GPGM\":0.4782106192,\"PSO_NPGM\":0.4782106192,\"PSO_PDM\":0.9972342152,\"PSO_SRM\":0.9999991719},\"SHADE\":{\"PSO\":0.7663785771,\"SHADE\":1.0,\"PSO_RR\":0.0026970294,\"PSO_GPGM\":0.0134230336,\"PSO_NPGM\":0.0134230336,\"PSO_PDM\":0.3833648396,\"PSO_SRM\":0.8440405986},\"PSO_RR\":{\"PSO\":0.2238966868,\"SHADE\":0.0026970294,\"PSO_RR\":1.0,\"PSO_GPGM\":0.9994588575,\"PSO_NPGM\":0.9994588575,\"PSO_PDM\":0.5776101297,\"PSO_SRM\":0.1632981454},\"PSO_GPGM\":{\"PSO\":0.4782106192,\"SHADE\":0.0134230336,\"PSO_RR\":0.9994588575,\"PSO_GPGM\":1.0,\"PSO_NPGM\":1.0,\"PSO_PDM\":0.8440405986,\"PSO_SRM\":0.3833648396},\"PSO_NPGM\":{\"PSO\":0.4782106192,\"SHADE\":0.0134230336,\"PSO_RR\":0.9994588575,\"PSO_GPGM\":1.0,\"PSO_NPGM\":1.0,\"PSO_PDM\":0.8440405986,\"PSO_SRM\":0.3833648396},\"PSO_PDM\":{\"PSO\":0.9972342152,\"SHADE\":0.3833648396,\"PSO_RR\":0.5776101297,\"PSO_GPGM\":0.8440405986,\"PSO_NPGM\":0.8440405986,\"PSO_PDM\":1.0,\"PSO_SRM\":0.9906454989},\"PSO_SRM\":{\"PSO\":0.9999991719,\"SHADE\":0.8440405986,\"PSO_RR\":0.1632981454,\"PSO_GPGM\":0.3833648396,\"PSO_NPGM\":0.3833648396,\"PSO_PDM\":0.9906454989,\"PSO_SRM\":1.0}}"}