{"Friedman statistic": 21.257142857142867, "Friedman pvalue": 0.0016492734580440007, "Average ranks": "{\"PSO\":0.6571428571,\"PSO_GPGM\":0.8285714286,\"PSO_NPGM\":0.6857142857,\"PSO_PDM\":0.8,\"PSO_RR\":0.2857142857,\"PSO_SRM\":0.6,\"SHADE\":0.1428571429}", "Nemenyi Friedman": "{\"PSO\":{\"PSO\":1.0,\"SHADE\":0.1155635841,\"PSO_RR\":0.4782106192,\"PSO_GPGM\":0.9758354096,\"PSO_NPGM\":0.9999991719,\"PSO_PDM\":0.9906454989,\"PSO_SRM\":0.9999491375},\"SHADE\":{\"PSO\":0.1155635841,\"SHADE\":1.0,\"PSO_RR\":0.9906454989,\"PSO_GPGM\":0.0080594293,\"PSO_NPGM\":0.0794182833,\"PSO_PDM\":0.0134230336,\"PSO_SRM\":0.2238966868},\"PSO_RR\":{\"PSO\":0.4782106192,\"SHADE\":0.9906454989,\"PSO_RR\":1.0,\"PSO_GPGM\":0.0794182833,\"PSO_NPGM\":0.3833648396,\"PSO_PDM\":0.1155635841,\"PSO_SRM\":0.6757402287},\"PSO_GPGM\":{\"PSO\":0.9758354096,\"SHADE\":0.0080594293,\"PSO_RR\":0.0794182833,\"PSO_GPGM\":1.0,\"PSO_NPGM\":0.9906454989,\"PSO_PDM\":0.9999991719,\"PSO_SRM\":0.9050960943},\"PSO_NPGM\":{\"PSO\":0.9999991719,\"SHADE\":0.0794182833,\"PSO_RR\":0.3833648396,\"PSO_GPGM\":0.9906454989,\"PSO_NPGM\":1.0,\"PSO_PDM\":0.9972342152,\"PSO_SRM\":0.9994588575},\"PSO_PDM\":{\"PSO\":0.9906454989,\"SHADE\":0.0134230336,\"PSO_RR\":0.1155635841,\"PSO_GPGM\":0.9999991719,\"PSO_NPGM\":0.9972342152,\"PSO_PDM\":1.0,\"PSO_SRM\":0.9484982703},\"PSO_SRM\":{\"PSO\":0.9999491375,\"SHADE\":0.2238966868,\"PSO_RR\":0.6757402287,\"PSO_GPGM\":0.9050960943,\"PSO_NPGM\":0.9994588575,\"PSO_PDM\":0.9484982703,\"PSO_SRM\":1.0}}"}