{"Friedman statistic": 20.400000000000006, "Friedman pvalue": 0.0023499075472104844, "Average ranks": "{\"PSO\":0.7142857143,\"PSO_GPGM\":0.6285714286,\"PSO_NPGM\":0.7142857143,\"PSO_PDM\":0.8285714286,\"PSO_RR\":0.2857142857,\"PSO_SRM\":0.6857142857,\"SHADE\":0.1428571429}", "Nemenyi Friedman": "{\"PSO\":{\"PSO\":1.0,\"SHADE\":0.0530439276,\"PSO_RR\":0.2976370473,\"PSO_GPGM\":0.9994588575,\"PSO_NPGM\":1.0,\"PSO_PDM\":0.9972342152,\"PSO_SRM\":0.9999991719},\"SHADE\":{\"PSO\":0.0530439276,\"SHADE\":1.0,\"PSO_RR\":0.9906454989,\"PSO_GPGM\":0.1632981454,\"PSO_NPGM\":0.0530439276,\"PSO_PDM\":0.0080594293,\"PSO_SRM\":0.0794182833},\"PSO_RR\":{\"PSO\":0.2976370473,\"SHADE\":0.9906454989,\"PSO_RR\":1.0,\"PSO_GPGM\":0.5776101297,\"PSO_NPGM\":0.2976370473,\"PSO_PDM\":0.0794182833,\"PSO_SRM\":0.3833648396},\"PSO_GPGM\":{\"PSO\":0.9994588575,\"SHADE\":0.1632981454,\"PSO_RR\":0.5776101297,\"PSO_GPGM\":1.0,\"PSO_NPGM\":0.9994588575,\"PSO_PDM\":0.9484982703,\"PSO_SRM\":0.9999491375},\"PSO_NPGM\":{\"PSO\":1.0,\"SHADE\":0.0530439276,\"PSO_RR\":0.2976370473,\"PSO_GPGM\":0.9994588575,\"PSO_NPGM\":1.0,\"PSO_PDM\":0.9972342152,\"PSO_SRM\":0.9999991719},\"PSO_PDM\":{\"PSO\":0.9972342152,\"SHADE\":0.0080594293,\"PSO_RR\":0.0794182833,\"PSO_GPGM\":0.9484982703,\"PSO_NPGM\":0.9972342152,\"PSO_PDM\":1.0,\"PSO_SRM\":0.9906454989},\"PSO_SRM\":{\"PSO\":0.9999991719,\"SHADE\":0.0794182833,\"PSO_RR\":0.3833648396,\"PSO_GPGM\":0.9999491375,\"PSO_NPGM\":0.9999991719,\"PSO_PDM\":0.9906454989,\"PSO_SRM\":1.0}}"}