{"Friedman statistic": 38.15538847117785, "Friedman pvalue": 1.0474573727102084e-06, "Average ranks": "{\"PSO\":0.7648809524,\"PSO_GPGM\":0.6160714286,\"PSO_NPGM\":0.5119047619,\"PSO_PDM\":0.6755952381,\"PSO_RR\":0.2916666667,\"PSO_SRM\":0.6071428571,\"SHADE\":0.5327380952}", "Nemenyi Friedman": "{\"PSO\":{\"PSO\":1.0,\"SHADE\":0.1240887113,\"PSO_RR\":0.0000022616,\"PSO_GPGM\":0.6359760014,\"PSO_NPGM\":0.0678473381,\"PSO_PDM\":0.9536661972,\"PSO_SRM\":0.5680702058},\"SHADE\":{\"PSO\":0.1240887113,\"SHADE\":1.0,\"PSO_RR\":0.0966673236,\"PSO_GPGM\":0.9668874283,\"PSO_NPGM\":0.9999865252,\"PSO_PDM\":0.6800776535,\"PSO_SRM\":0.9813094635},\"PSO_RR\":{\"PSO\":0.0000022616,\"SHADE\":0.0966673236,\"PSO_RR\":1.0,\"PSO_GPGM\":0.0050508644,\"PSO_NPGM\":0.1694237408,\"PSO_PDM\":0.0003285297,\"PSO_SRM\":0.0072900167},\"PSO_GPGM\":{\"PSO\":0.6359760014,\"SHADE\":0.9668874283,\"PSO_RR\":0.0050508644,\"PSO_GPGM\":1.0,\"PSO_NPGM\":0.905740587,\"PSO_PDM\":0.9942775239,\"PSO_SRM\":0.9999999141},\"PSO_NPGM\":{\"PSO\":0.0678473381,\"SHADE\":0.9999865252,\"PSO_RR\":0.1694237408,\"PSO_GPGM\":0.905740587,\"PSO_NPGM\":1.0,\"PSO_PDM\":0.5225072528,\"PSO_SRM\":0.9371647491},\"PSO_PDM\":{\"PSO\":0.9536661972,\"SHADE\":0.6800776535,\"PSO_RR\":0.0003285297,\"PSO_GPGM\":0.9942775239,\"PSO_NPGM\":0.5225072528,\"PSO_PDM\":1.0,\"PSO_SRM\":0.9878948052},\"PSO_SRM\":{\"PSO\":0.5680702058,\"SHADE\":0.9813094635,\"PSO_RR\":0.0072900167,\"PSO_GPGM\":0.9999999141,\"PSO_NPGM\":0.9371647491,\"PSO_PDM\":0.9878948052,\"PSO_SRM\":1.0}}"}