{"Friedman statistic": 26.742857142857133, "Friedman pvalue": 0.0001617818891405062, "Average ranks": "{\"PSO\":0.8571428571,\"PSO_GPGM\":0.3428571429,\"PSO_NPGM\":0.2285714286,\"PSO_PDM\":0.6,\"PSO_RR\":0.3142857143,\"PSO_SRM\":0.6571428571,\"SHADE\":1.0}", "Nemenyi Friedman": "{\"PSO\":{\"PSO\":1.0,\"SHADE\":0.9906454989,\"PSO_RR\":0.0794182833,\"PSO_GPGM\":0.1155635841,\"PSO_NPGM\":0.0217912368,\"PSO_PDM\":0.8440405986,\"PSO_SRM\":0.9484982703},\"SHADE\":{\"PSO\":0.9906454989,\"SHADE\":1.0,\"PSO_RR\":0.0080594293,\"PSO_GPGM\":0.0134230336,\"PSO_NPGM\":0.0015047501,\"PSO_PDM\":0.3833648396,\"PSO_SRM\":0.5776101297},\"PSO_RR\":{\"PSO\":0.0794182833,\"SHADE\":0.0080594293,\"PSO_RR\":1.0,\"PSO_GPGM\":0.9999991719,\"PSO_NPGM\":0.9994588575,\"PSO_PDM\":0.7663785771,\"PSO_SRM\":0.5776101297},\"PSO_GPGM\":{\"PSO\":0.1155635841,\"SHADE\":0.0134230336,\"PSO_RR\":0.9999991719,\"PSO_GPGM\":1.0,\"PSO_NPGM\":0.9972342152,\"PSO_PDM\":0.8440405986,\"PSO_SRM\":0.6757402287},\"PSO_NPGM\":{\"PSO\":0.0217912368,\"SHADE\":0.0015047501,\"PSO_RR\":0.9994588575,\"PSO_GPGM\":0.9972342152,\"PSO_NPGM\":1.0,\"PSO_PDM\":0.4782106192,\"PSO_SRM\":0.2976370473},\"PSO_PDM\":{\"PSO\":0.8440405986,\"SHADE\":0.3833648396,\"PSO_RR\":0.7663785771,\"PSO_GPGM\":0.8440405986,\"PSO_NPGM\":0.4782106192,\"PSO_PDM\":1.0,\"PSO_SRM\":0.9999491375},\"PSO_SRM\":{\"PSO\":0.9484982703,\"SHADE\":0.5776101297,\"PSO_RR\":0.5776101297,\"PSO_GPGM\":0.6757402287,\"PSO_NPGM\":0.2976370473,\"PSO_PDM\":0.9999491375,\"PSO_SRM\":1.0}}"}