{"Friedman statistic": 22.285714285714278, "Friedman pvalue": 0.0010746470509819844, "Average ranks": "{\"PSO\":0.8857142857,\"PSO_GPGM\":0.8,\"PSO_NPGM\":0.5142857143,\"PSO_PDM\":0.6857142857,\"PSO_RR\":0.3142857143,\"PSO_SRM\":0.6571428571,\"SHADE\":0.1428571429}", "Nemenyi Friedman": "{\"PSO\":{\"PSO\":1.0,\"SHADE\":0.0026970294,\"PSO_RR\":0.0530439276,\"PSO_GPGM\":0.9994588575,\"PSO_NPGM\":0.4782106192,\"PSO_PDM\":0.9484982703,\"PSO_SRM\":0.9050960943},\"SHADE\":{\"PSO\":0.0026970294,\"SHADE\":1.0,\"PSO_RR\":0.9758354096,\"PSO_GPGM\":0.0134230336,\"PSO_NPGM\":0.4782106192,\"PSO_PDM\":0.0794182833,\"PSO_SRM\":0.1155635841},\"PSO_RR\":{\"PSO\":0.0530439276,\"SHADE\":0.9758354096,\"PSO_RR\":1.0,\"PSO_GPGM\":0.1632981454,\"PSO_NPGM\":0.9484982703,\"PSO_PDM\":0.4782106192,\"PSO_SRM\":0.5776101297},\"PSO_GPGM\":{\"PSO\":0.9994588575,\"SHADE\":0.0134230336,\"PSO_RR\":0.1632981454,\"PSO_GPGM\":1.0,\"PSO_NPGM\":0.7663785771,\"PSO_PDM\":0.9972342152,\"PSO_SRM\":0.9906454989},\"PSO_NPGM\":{\"PSO\":0.4782106192,\"SHADE\":0.4782106192,\"PSO_RR\":0.9484982703,\"PSO_GPGM\":0.7663785771,\"PSO_NPGM\":1.0,\"PSO_PDM\":0.9758354096,\"PSO_SRM\":0.9906454989},\"PSO_PDM\":{\"PSO\":0.9484982703,\"SHADE\":0.0794182833,\"PSO_RR\":0.4782106192,\"PSO_GPGM\":0.9972342152,\"PSO_NPGM\":0.9758354096,\"PSO_PDM\":1.0,\"PSO_SRM\":0.9999991719},\"PSO_SRM\":{\"PSO\":0.9050960943,\"SHADE\":0.1155635841,\"PSO_RR\":0.5776101297,\"PSO_GPGM\":0.9906454989,\"PSO_NPGM\":0.9906454989,\"PSO_PDM\":0.9999991719,\"PSO_SRM\":1.0}}"}