{"Friedman statistic": 13.542857142857144, "Friedman pvalue": 0.03518112044220375, "Average ranks": "{\"PSO\":0.7428571429,\"PSO_GPGM\":0.5428571429,\"PSO_NPGM\":0.5428571429,\"PSO_PDM\":0.6,\"PSO_RR\":0.1714285714,\"PSO_SRM\":0.5714285714,\"SHADE\":0.8285714286}", "Nemenyi Friedman": "{\"PSO\":{\"PSO\":1.0,\"SHADE\":0.9994588575,\"PSO_RR\":0.0530439276,\"PSO_GPGM\":0.9484982703,\"PSO_NPGM\":0.9484982703,\"PSO_PDM\":0.9906454989,\"PSO_SRM\":0.9758354096},\"SHADE\":{\"PSO\":0.9994588575,\"SHADE\":1.0,\"PSO_RR\":0.0134230336,\"PSO_GPGM\":0.7663785771,\"PSO_NPGM\":0.7663785771,\"PSO_PDM\":0.9050960943,\"PSO_SRM\":0.8440405986},\"PSO_RR\":{\"PSO\":0.0530439276,\"SHADE\":0.0134230336,\"PSO_RR\":1.0,\"PSO_GPGM\":0.4782106192,\"PSO_NPGM\":0.4782106192,\"PSO_PDM\":0.2976370473,\"PSO_SRM\":0.3833648396},\"PSO_GPGM\":{\"PSO\":0.9484982703,\"SHADE\":0.7663785771,\"PSO_RR\":0.4782106192,\"PSO_GPGM\":1.0,\"PSO_NPGM\":1.0,\"PSO_PDM\":0.9999491375,\"PSO_SRM\":0.9999991719},\"PSO_NPGM\":{\"PSO\":0.9484982703,\"SHADE\":0.7663785771,\"PSO_RR\":0.4782106192,\"PSO_GPGM\":1.0,\"PSO_NPGM\":1.0,\"PSO_PDM\":0.9999491375,\"PSO_SRM\":0.9999991719},\"PSO_PDM\":{\"PSO\":0.9906454989,\"SHADE\":0.9050960943,\"PSO_RR\":0.2976370473,\"PSO_GPGM\":0.9999491375,\"PSO_NPGM\":0.9999491375,\"PSO_PDM\":1.0,\"PSO_SRM\":0.9999991719},\"PSO_SRM\":{\"PSO\":0.9758354096,\"SHADE\":0.8440405986,\"PSO_RR\":0.3833648396,\"PSO_GPGM\":0.9999991719,\"PSO_NPGM\":0.9999991719,\"PSO_PDM\":0.9999991719,\"PSO_SRM\":1.0}}"}