{"Friedman statistic": 27.599999999999994, "Friedman pvalue": 0.00011173977443969423, "Average ranks": "{\"PSO\":0.8285714286,\"PSO_GPGM\":0.5714285714,\"PSO_NPGM\":0.5142857143,\"PSO_PDM\":1.0,\"PSO_RR\":0.2857142857,\"PSO_SRM\":0.6571428571,\"SHADE\":0.1428571429}", "Nemenyi Friedman": "{\"PSO\":{\"PSO\":1.0,\"SHADE\":0.0080594293,\"PSO_RR\":0.0794182833,\"PSO_GPGM\":0.8440405986,\"PSO_NPGM\":0.6757402287,\"PSO_PDM\":0.9758354096,\"PSO_SRM\":0.9758354096},\"SHADE\":{\"PSO\":0.0080594293,\"SHADE\":1.0,\"PSO_RR\":0.9906454989,\"PSO_GPGM\":0.2976370473,\"PSO_NPGM\":0.4782106192,\"PSO_PDM\":0.0002272968,\"PSO_SRM\":0.1155635841},\"PSO_RR\":{\"PSO\":0.0794182833,\"SHADE\":0.9906454989,\"PSO_RR\":1.0,\"PSO_GPGM\":0.7663785771,\"PSO_NPGM\":0.9050960943,\"PSO_PDM\":0.0047195829,\"PSO_SRM\":0.4782106192},\"PSO_GPGM\":{\"PSO\":0.8440405986,\"SHADE\":0.2976370473,\"PSO_RR\":0.7663785771,\"PSO_GPGM\":1.0,\"PSO_NPGM\":0.9999491375,\"PSO_PDM\":0.2976370473,\"PSO_SRM\":0.9994588575},\"PSO_NPGM\":{\"PSO\":0.6757402287,\"SHADE\":0.4782106192,\"PSO_RR\":0.9050960943,\"PSO_GPGM\":0.9999491375,\"PSO_NPGM\":1.0,\"PSO_PDM\":0.1632981454,\"PSO_SRM\":0.9906454989},\"PSO_PDM\":{\"PSO\":0.9758354096,\"SHADE\":0.0002272968,\"PSO_RR\":0.0047195829,\"PSO_GPGM\":0.2976370473,\"PSO_NPGM\":0.1632981454,\"PSO_PDM\":1.0,\"PSO_SRM\":0.5776101297},\"PSO_SRM\":{\"PSO\":0.9758354096,\"SHADE\":0.1155635841,\"PSO_RR\":0.4782106192,\"PSO_GPGM\":0.9994588575,\"PSO_NPGM\":0.9906454989,\"PSO_PDM\":0.5776101297,\"PSO_SRM\":1.0}}"}