{"Friedman statistic": 19.371428571428567, "Friedman pvalue": 0.003580236697034486, "Average ranks": "{\"PSO\":0.5428571429,\"PSO_GPGM\":0.7142857143,\"PSO_NPGM\":0.6,\"PSO_PDM\":0.5714285714,\"PSO_RR\":0.2857142857,\"PSO_SRM\":0.2857142857,\"SHADE\":1.0}", "Nemenyi Friedman": "{\"PSO\":{\"PSO\":1.0,\"SHADE\":0.2238966868,\"PSO_RR\":0.8440405986,\"PSO_GPGM\":0.9758354096,\"PSO_NPGM\":0.9999491375,\"PSO_PDM\":0.9999991719,\"PSO_SRM\":0.8440405986},\"SHADE\":{\"PSO\":0.2238966868,\"SHADE\":1.0,\"PSO_RR\":0.0047195829,\"PSO_GPGM\":0.7663785771,\"PSO_NPGM\":0.3833648396,\"PSO_PDM\":0.2976370473,\"PSO_SRM\":0.0047195829},\"PSO_RR\":{\"PSO\":0.8440405986,\"SHADE\":0.0047195829,\"PSO_RR\":1.0,\"PSO_GPGM\":0.2976370473,\"PSO_NPGM\":0.6757402287,\"PSO_PDM\":0.7663785771,\"PSO_SRM\":1.0},\"PSO_GPGM\":{\"PSO\":0.9758354096,\"SHADE\":0.7663785771,\"PSO_RR\":0.2976370473,\"PSO_GPGM\":1.0,\"PSO_NPGM\":0.9972342152,\"PSO_PDM\":0.9906454989,\"PSO_SRM\":0.2976370473},\"PSO_NPGM\":{\"PSO\":0.9999491375,\"SHADE\":0.3833648396,\"PSO_RR\":0.6757402287,\"PSO_GPGM\":0.9972342152,\"PSO_NPGM\":1.0,\"PSO_PDM\":0.9999991719,\"PSO_SRM\":0.6757402287},\"PSO_PDM\":{\"PSO\":0.9999991719,\"SHADE\":0.2976370473,\"PSO_RR\":0.7663785771,\"PSO_GPGM\":0.9906454989,\"PSO_NPGM\":0.9999991719,\"PSO_PDM\":1.0,\"PSO_SRM\":0.7663785771},\"PSO_SRM\":{\"PSO\":0.8440405986,\"SHADE\":0.0047195829,\"PSO_RR\":1.0,\"PSO_GPGM\":0.2976370473,\"PSO_NPGM\":0.6757402287,\"PSO_PDM\":0.7663785771,\"PSO_SRM\":1.0}}"}