{"Friedman statistic": 28.628571428571433, "Friedman pvalue": 7.15148194111762e-05, "Average ranks": "{\"PSO\":1.0,\"PSO_GPGM\":0.4857142857,\"PSO_NPGM\":0.5142857143,\"PSO_PDM\":0.7714285714,\"PSO_RR\":0.1714285714,\"PSO_SRM\":0.8,\"SHADE\":0.2571428571}", "Nemenyi Friedman": "{\"PSO\":{\"PSO\":1.0,\"SHADE\":0.0026970294,\"PSO_RR\":0.0004366741,\"PSO_GPGM\":0.1155635841,\"PSO_NPGM\":0.1632981454,\"PSO_PDM\":0.9050960943,\"PSO_SRM\":0.9484982703},\"SHADE\":{\"PSO\":0.0026970294,\"SHADE\":1.0,\"PSO_RR\":0.9994588575,\"PSO_GPGM\":0.9050960943,\"PSO_NPGM\":0.8440405986,\"PSO_PDM\":0.1155635841,\"PSO_SRM\":0.0794182833},\"PSO_RR\":{\"PSO\":0.0004366741,\"SHADE\":0.9994588575,\"PSO_RR\":1.0,\"PSO_GPGM\":0.6757402287,\"PSO_NPGM\":0.5776101297,\"PSO_PDM\":0.0344598173,\"PSO_SRM\":0.0217912368},\"PSO_GPGM\":{\"PSO\":0.1155635841,\"SHADE\":0.9050960943,\"PSO_RR\":0.6757402287,\"PSO_GPGM\":1.0,\"PSO_NPGM\":0.9999991719,\"PSO_PDM\":0.7663785771,\"PSO_SRM\":0.6757402287},\"PSO_NPGM\":{\"PSO\":0.1632981454,\"SHADE\":0.8440405986,\"PSO_RR\":0.5776101297,\"PSO_GPGM\":0.9999991719,\"PSO_NPGM\":1.0,\"PSO_PDM\":0.8440405986,\"PSO_SRM\":0.7663785771},\"PSO_PDM\":{\"PSO\":0.9050960943,\"SHADE\":0.1155635841,\"PSO_RR\":0.0344598173,\"PSO_GPGM\":0.7663785771,\"PSO_NPGM\":0.8440405986,\"PSO_PDM\":1.0,\"PSO_SRM\":0.9999991719},\"PSO_SRM\":{\"PSO\":0.9484982703,\"SHADE\":0.0794182833,\"PSO_RR\":0.0217912368,\"PSO_GPGM\":0.6757402287,\"PSO_NPGM\":0.7663785771,\"PSO_PDM\":0.9999991719,\"PSO_SRM\":1.0}}"}