{"Friedman statistic": 24.514285714285705, "Friedman pvalue": 0.0004198792696304151, "Average ranks": "{\"PSO\":0.8,\"PSO_GPGM\":0.6571428571,\"PSO_NPGM\":0.5428571429,\"PSO_PDM\":0.9428571429,\"PSO_RR\":0.2857142857,\"PSO_SRM\":0.6285714286,\"SHADE\":0.1428571429}", "Nemenyi Friedman": "{\"PSO\":{\"PSO\":1.0,\"SHADE\":0.0134230336,\"PSO_RR\":0.1155635841,\"PSO_GPGM\":0.9906454989,\"PSO_NPGM\":0.8440405986,\"PSO_PDM\":0.9906454989,\"PSO_SRM\":0.9758354096},\"SHADE\":{\"PSO\":0.0134230336,\"SHADE\":1.0,\"PSO_RR\":0.9906454989,\"PSO_GPGM\":0.1155635841,\"PSO_NPGM\":0.3833648396,\"PSO_PDM\":0.0008200331,\"PSO_SRM\":0.1632981454},\"PSO_RR\":{\"PSO\":0.1155635841,\"SHADE\":0.9906454989,\"PSO_RR\":1.0,\"PSO_GPGM\":0.4782106192,\"PSO_NPGM\":0.8440405986,\"PSO_PDM\":0.0134230336,\"PSO_SRM\":0.5776101297},\"PSO_GPGM\":{\"PSO\":0.9906454989,\"SHADE\":0.1155635841,\"PSO_RR\":0.4782106192,\"PSO_GPGM\":1.0,\"PSO_NPGM\":0.9972342152,\"PSO_PDM\":0.7663785771,\"PSO_SRM\":0.9999991719},\"PSO_NPGM\":{\"PSO\":0.8440405986,\"SHADE\":0.3833648396,\"PSO_RR\":0.8440405986,\"PSO_GPGM\":0.9972342152,\"PSO_NPGM\":1.0,\"PSO_PDM\":0.3833648396,\"PSO_SRM\":0.9994588575},\"PSO_PDM\":{\"PSO\":0.9906454989,\"SHADE\":0.0008200331,\"PSO_RR\":0.0134230336,\"PSO_GPGM\":0.7663785771,\"PSO_NPGM\":0.3833648396,\"PSO_PDM\":1.0,\"PSO_SRM\":0.6757402287},\"PSO_SRM\":{\"PSO\":0.9758354096,\"SHADE\":0.1632981454,\"PSO_RR\":0.5776101297,\"PSO_GPGM\":0.9999991719,\"PSO_NPGM\":0.9994588575,\"PSO_PDM\":0.6757402287,\"PSO_SRM\":1.0}}"}