{"Friedman statistic": 21.08571428571429, "Friedman pvalue": 0.001770676992018876, "Average ranks": "{\"PSO\":0.8857142857,\"PSO_GPGM\":0.6285714286,\"PSO_NPGM\":0.5714285714,\"PSO_PDM\":0.7428571429,\"PSO_RR\":0.3142857143,\"PSO_SRM\":0.7142857143,\"SHADE\":0.1428571429}", "Nemenyi Friedman": "{\"PSO\":{\"PSO\":1.0,\"SHADE\":0.0026970294,\"PSO_RR\":0.0530439276,\"PSO_GPGM\":0.8440405986,\"PSO_NPGM\":0.6757402287,\"PSO_PDM\":0.9906454989,\"PSO_SRM\":0.9758354096},\"SHADE\":{\"PSO\":0.0026970294,\"SHADE\":1.0,\"PSO_RR\":0.9758354096,\"PSO_GPGM\":0.1632981454,\"PSO_NPGM\":0.2976370473,\"PSO_PDM\":0.0344598173,\"PSO_SRM\":0.0530439276},\"PSO_RR\":{\"PSO\":0.0530439276,\"SHADE\":0.9758354096,\"PSO_RR\":1.0,\"PSO_GPGM\":0.6757402287,\"PSO_NPGM\":0.8440405986,\"PSO_PDM\":0.2976370473,\"PSO_SRM\":0.3833648396},\"PSO_GPGM\":{\"PSO\":0.8440405986,\"SHADE\":0.1632981454,\"PSO_RR\":0.6757402287,\"PSO_GPGM\":1.0,\"PSO_NPGM\":0.9999491375,\"PSO_PDM\":0.9972342152,\"PSO_SRM\":0.9994588575},\"PSO_NPGM\":{\"PSO\":0.6757402287,\"SHADE\":0.2976370473,\"PSO_RR\":0.8440405986,\"PSO_GPGM\":0.9999491375,\"PSO_NPGM\":1.0,\"PSO_PDM\":0.9758354096,\"PSO_SRM\":0.9906454989},\"PSO_PDM\":{\"PSO\":0.9906454989,\"SHADE\":0.0344598173,\"PSO_RR\":0.2976370473,\"PSO_GPGM\":0.9972342152,\"PSO_NPGM\":0.9758354096,\"PSO_PDM\":1.0,\"PSO_SRM\":0.9999991719},\"PSO_SRM\":{\"PSO\":0.9758354096,\"SHADE\":0.0530439276,\"PSO_RR\":0.3833648396,\"PSO_GPGM\":0.9994588575,\"PSO_NPGM\":0.9906454989,\"PSO_PDM\":0.9999991719,\"PSO_SRM\":1.0}}"}