{"Friedman statistic": 19.341176470588216, "Friedman pvalue": 0.003624609328923456, "Average ranks": "{\"PSO\":0.6285714286,\"PSO_GPGM\":0.6857142857,\"PSO_NPGM\":0.6571428571,\"PSO_PDM\":0.6857142857,\"PSO_RR\":0.5714285714,\"PSO_SRM\":0.6285714286,\"SHADE\":0.1428571429}", "Nemenyi Friedman": "{\"PSO\":{\"PSO\":1.0,\"SHADE\":0.1632981454,\"PSO_RR\":0.9999491375,\"PSO_GPGM\":0.9999491375,\"PSO_NPGM\":0.9999991719,\"PSO_PDM\":0.9999491375,\"PSO_SRM\":1.0},\"SHADE\":{\"PSO\":0.1632981454,\"SHADE\":1.0,\"PSO_RR\":0.2976370473,\"PSO_GPGM\":0.0794182833,\"PSO_NPGM\":0.1155635841,\"PSO_PDM\":0.0794182833,\"PSO_SRM\":0.1632981454},\"PSO_RR\":{\"PSO\":0.9999491375,\"SHADE\":0.2976370473,\"PSO_RR\":1.0,\"PSO_GPGM\":0.9972342152,\"PSO_NPGM\":0.9994588575,\"PSO_PDM\":0.9972342152,\"PSO_SRM\":0.9999491375},\"PSO_GPGM\":{\"PSO\":0.9999491375,\"SHADE\":0.0794182833,\"PSO_RR\":0.9972342152,\"PSO_GPGM\":1.0,\"PSO_NPGM\":0.9999991719,\"PSO_PDM\":1.0,\"PSO_SRM\":0.9999491375},\"PSO_NPGM\":{\"PSO\":0.9999991719,\"SHADE\":0.1155635841,\"PSO_RR\":0.9994588575,\"PSO_GPGM\":0.9999991719,\"PSO_NPGM\":1.0,\"PSO_PDM\":0.9999991719,\"PSO_SRM\":0.9999991719},\"PSO_PDM\":{\"PSO\":0.9999491375,\"SHADE\":0.0794182833,\"PSO_RR\":0.9972342152,\"PSO_GPGM\":1.0,\"PSO_NPGM\":0.9999991719,\"PSO_PDM\":1.0,\"PSO_SRM\":0.9999491375},\"PSO_SRM\":{\"PSO\":1.0,\"SHADE\":0.1632981454,\"PSO_RR\":0.9999491375,\"PSO_GPGM\":0.9999491375,\"PSO_NPGM\":0.9999991719,\"PSO_PDM\":0.9999491375,\"PSO_SRM\":1.0}}"}