{"Friedman statistic": 21.599999999999994, "Friedman pvalue": 0.0014304131791913791, "Average ranks": "{\"PSO\":0.4,\"PSO_GPGM\":0.6285714286,\"PSO_NPGM\":0.6285714286,\"PSO_PDM\":0.5428571429,\"PSO_RR\":0.1428571429,\"PSO_SRM\":0.6571428571,\"SHADE\":1.0}", "Nemenyi Friedman": "{\"PSO\":{\"PSO\":1.0,\"SHADE\":0.0344598173,\"PSO_RR\":0.8440405986,\"PSO_GPGM\":0.9050960943,\"PSO_NPGM\":0.9050960943,\"PSO_PDM\":0.9906454989,\"PSO_SRM\":0.8440405986},\"SHADE\":{\"PSO\":0.0344598173,\"SHADE\":1.0,\"PSO_RR\":0.0002272968,\"PSO_GPGM\":0.4782106192,\"PSO_NPGM\":0.4782106192,\"PSO_PDM\":0.2238966868,\"PSO_SRM\":0.5776101297},\"PSO_RR\":{\"PSO\":0.8440405986,\"SHADE\":0.0002272968,\"PSO_RR\":1.0,\"PSO_GPGM\":0.1632981454,\"PSO_NPGM\":0.1632981454,\"PSO_PDM\":0.3833648396,\"PSO_SRM\":0.1155635841},\"PSO_GPGM\":{\"PSO\":0.9050960943,\"SHADE\":0.4782106192,\"PSO_RR\":0.1632981454,\"PSO_GPGM\":1.0,\"PSO_NPGM\":1.0,\"PSO_PDM\":0.9994588575,\"PSO_SRM\":0.9999991719},\"PSO_NPGM\":{\"PSO\":0.9050960943,\"SHADE\":0.4782106192,\"PSO_RR\":0.1632981454,\"PSO_GPGM\":1.0,\"PSO_NPGM\":1.0,\"PSO_PDM\":0.9994588575,\"PSO_SRM\":0.9999991719},\"PSO_PDM\":{\"PSO\":0.9906454989,\"SHADE\":0.2238966868,\"PSO_RR\":0.3833648396,\"PSO_GPGM\":0.9994588575,\"PSO_NPGM\":0.9994588575,\"PSO_PDM\":1.0,\"PSO_SRM\":0.9972342152},\"PSO_SRM\":{\"PSO\":0.8440405986,\"SHADE\":0.5776101297,\"PSO_RR\":0.1155635841,\"PSO_GPGM\":0.9999991719,\"PSO_NPGM\":0.9999991719,\"PSO_PDM\":0.9972342152,\"PSO_SRM\":1.0}}"}