{"Friedman statistic": 15.0, "Friedman pvalue": 0.020256715056664387, "Average ranks": "{\"PSO\":0.7142857143,\"PSO_GPGM\":0.6571428571,\"PSO_NPGM\":0.6,\"PSO_PDM\":0.6857142857,\"PSO_RR\":0.4285714286,\"PSO_SRM\":0.7714285714,\"SHADE\":0.1428571429}", "Nemenyi Friedman": "{\"PSO\":{\"PSO\":1.0,\"SHADE\":0.0530439276,\"PSO_RR\":0.7663785771,\"PSO_GPGM\":0.9999491375,\"PSO_NPGM\":0.9972342152,\"PSO_PDM\":0.9999991719,\"PSO_SRM\":0.9999491375},\"SHADE\":{\"PSO\":0.0530439276,\"SHADE\":1.0,\"PSO_RR\":0.7663785771,\"PSO_GPGM\":0.1155635841,\"PSO_NPGM\":0.2238966868,\"PSO_PDM\":0.0794182833,\"PSO_SRM\":0.0217912368},\"PSO_RR\":{\"PSO\":0.7663785771,\"SHADE\":0.7663785771,\"PSO_RR\":1.0,\"PSO_GPGM\":0.9050960943,\"PSO_NPGM\":0.9758354096,\"PSO_PDM\":0.8440405986,\"PSO_SRM\":0.5776101297},\"PSO_GPGM\":{\"PSO\":0.9999491375,\"SHADE\":0.1155635841,\"PSO_RR\":0.9050960943,\"PSO_GPGM\":1.0,\"PSO_NPGM\":0.9999491375,\"PSO_PDM\":0.9999991719,\"PSO_SRM\":0.9972342152},\"PSO_NPGM\":{\"PSO\":0.9972342152,\"SHADE\":0.2238966868,\"PSO_RR\":0.9758354096,\"PSO_GPGM\":0.9999491375,\"PSO_NPGM\":1.0,\"PSO_PDM\":0.9994588575,\"PSO_SRM\":0.9758354096},\"PSO_PDM\":{\"PSO\":0.9999991719,\"SHADE\":0.0794182833,\"PSO_RR\":0.8440405986,\"PSO_GPGM\":0.9999991719,\"PSO_NPGM\":0.9994588575,\"PSO_PDM\":1.0,\"PSO_SRM\":0.9994588575},\"PSO_SRM\":{\"PSO\":0.9999491375,\"SHADE\":0.0217912368,\"PSO_RR\":0.5776101297,\"PSO_GPGM\":0.9972342152,\"PSO_NPGM\":0.9758354096,\"PSO_PDM\":0.9994588575,\"PSO_SRM\":1.0}}"}