{"Friedman statistic": 19.782857142857164, "Friedman pvalue": 0.0030268620811410084, "Average ranks": "{\"PSO\":0.6714285714,\"PSO_GPGM\":0.5857142857,\"PSO_NPGM\":0.7285714286,\"PSO_PDM\":0.7,\"PSO_RR\":0.5857142857,\"PSO_SRM\":0.5857142857,\"SHADE\":0.1428571429}", "Nemenyi Friedman": "{\"PSO\":{\"PSO\":1.0,\"SHADE\":0.0961481485,\"PSO_RR\":0.9994588575,\"PSO_GPGM\":0.9994588575,\"PSO_NPGM\":0.9999491375,\"PSO_PDM\":0.9999991719,\"PSO_SRM\":0.9994588575},\"SHADE\":{\"PSO\":0.0961481485,\"SHADE\":1.0,\"PSO_RR\":0.2591582881,\"PSO_GPGM\":0.2591582881,\"PSO_NPGM\":0.0429000703,\"PSO_PDM\":0.0651334591,\"PSO_SRM\":0.2591582881},\"PSO_RR\":{\"PSO\":0.9994588575,\"SHADE\":0.2591582881,\"PSO_RR\":1.0,\"PSO_GPGM\":1.0,\"PSO_NPGM\":0.9906454989,\"PSO_PDM\":0.9972342152,\"PSO_SRM\":1.0},\"PSO_GPGM\":{\"PSO\":0.9994588575,\"SHADE\":0.2591582881,\"PSO_RR\":1.0,\"PSO_GPGM\":1.0,\"PSO_NPGM\":0.9906454989,\"PSO_PDM\":0.9972342152,\"PSO_SRM\":1.0},\"PSO_NPGM\":{\"PSO\":0.9999491375,\"SHADE\":0.0429000703,\"PSO_RR\":0.9906454989,\"PSO_GPGM\":0.9906454989,\"PSO_NPGM\":1.0,\"PSO_PDM\":0.9999991719,\"PSO_SRM\":0.9906454989},\"PSO_PDM\":{\"PSO\":0.9999991719,\"SHADE\":0.0651334591,\"PSO_RR\":0.9972342152,\"PSO_GPGM\":0.9972342152,\"PSO_NPGM\":0.9999991719,\"PSO_PDM\":1.0,\"PSO_SRM\":0.9972342152},\"PSO_SRM\":{\"PSO\":0.9994588575,\"SHADE\":0.2591582881,\"PSO_RR\":1.0,\"PSO_GPGM\":1.0,\"PSO_NPGM\":0.9906454989,\"PSO_PDM\":0.9972342152,\"PSO_SRM\":1.0}}"}