{"Friedman statistic": 24.77490774907749, "Friedman pvalue": 0.0003758197302230976, "Average ranks": "{\"PSO\":0.2857142857,\"PSO_GPGM\":0.3428571429,\"PSO_NPGM\":0.3857142857,\"PSO_PDM\":0.6714285714,\"PSO_RR\":0.8571428571,\"PSO_SRM\":0.4571428571,\"SHADE\":1.0}", "Nemenyi Friedman": "{\"PSO\":{\"PSO\":1.0,\"SHADE\":0.0047195829,\"PSO_RR\":0.0530439276,\"PSO_GPGM\":0.9999491375,\"PSO_NPGM\":0.9986942924,\"PSO_PDM\":0.4298964372,\"PSO_SRM\":0.9758354096},\"SHADE\":{\"PSO\":0.0047195829,\"SHADE\":1.0,\"PSO_RR\":0.9906454989,\"PSO_GPGM\":0.0134230336,\"PSO_NPGM\":0.0274942056,\"PSO_PDM\":0.6272259543,\"PSO_SRM\":0.0794182833},\"PSO_RR\":{\"PSO\":0.0530439276,\"SHADE\":0.9906454989,\"PSO_RR\":1.0,\"PSO_GPGM\":0.1155635841,\"PSO_NPGM\":0.1919432103,\"PSO_PDM\":0.9639871332,\"PSO_SRM\":0.3833648396},\"PSO_GPGM\":{\"PSO\":0.9999491375,\"SHADE\":0.0134230336,\"PSO_RR\":0.1155635841,\"PSO_GPGM\":1.0,\"PSO_NPGM\":0.9999907277,\"PSO_PDM\":0.6272259543,\"PSO_SRM\":0.9972342152},\"PSO_NPGM\":{\"PSO\":0.9986942924,\"SHADE\":0.0274942056,\"PSO_RR\":0.1919432103,\"PSO_GPGM\":0.9999907277,\"PSO_NPGM\":1.0,\"PSO_PDM\":0.7663785771,\"PSO_SRM\":0.9998118536},\"PSO_PDM\":{\"PSO\":0.4298964372,\"SHADE\":0.6272259543,\"PSO_RR\":0.9639871332,\"PSO_GPGM\":0.6272259543,\"PSO_NPGM\":0.7663785771,\"PSO_PDM\":1.0,\"PSO_SRM\":0.9289616379},\"PSO_SRM\":{\"PSO\":0.9758354096,\"SHADE\":0.0794182833,\"PSO_RR\":0.3833648396,\"PSO_GPGM\":0.9972342152,\"PSO_NPGM\":0.9998118536,\"PSO_PDM\":0.9289616379,\"PSO_SRM\":1.0}}"}