{"Friedman statistic": 27.599999999999994, "Friedman pvalue": 0.00011173977443969423, "Average ranks": "{\"PSO\":1.0,\"PSO_GPGM\":0.6285714286,\"PSO_NPGM\":0.4,\"PSO_PDM\":0.6571428571,\"PSO_RR\":0.1428571429,\"PSO_SRM\":0.8285714286,\"SHADE\":0.3428571429}", "Nemenyi Friedman": "{\"PSO\":{\"PSO\":1.0,\"SHADE\":0.0134230336,\"PSO_RR\":0.0002272968,\"PSO_GPGM\":0.4782106192,\"PSO_NPGM\":0.0344598173,\"PSO_PDM\":0.5776101297,\"PSO_SRM\":0.9758354096},\"SHADE\":{\"PSO\":0.0134230336,\"SHADE\":1.0,\"PSO_RR\":0.9484982703,\"PSO_GPGM\":0.7663785771,\"PSO_NPGM\":0.9999491375,\"PSO_PDM\":0.6757402287,\"PSO_SRM\":0.1632981454},\"PSO_RR\":{\"PSO\":0.0002272968,\"SHADE\":0.9484982703,\"PSO_RR\":1.0,\"PSO_GPGM\":0.1632981454,\"PSO_NPGM\":0.8440405986,\"PSO_PDM\":0.1155635841,\"PSO_SRM\":0.0080594293},\"PSO_GPGM\":{\"PSO\":0.4782106192,\"SHADE\":0.7663785771,\"PSO_RR\":0.1632981454,\"PSO_GPGM\":1.0,\"PSO_NPGM\":0.9050960943,\"PSO_PDM\":0.9999991719,\"PSO_SRM\":0.9484982703},\"PSO_NPGM\":{\"PSO\":0.0344598173,\"SHADE\":0.9999491375,\"PSO_RR\":0.8440405986,\"PSO_GPGM\":0.9050960943,\"PSO_NPGM\":1.0,\"PSO_PDM\":0.8440405986,\"PSO_SRM\":0.2976370473},\"PSO_PDM\":{\"PSO\":0.5776101297,\"SHADE\":0.6757402287,\"PSO_RR\":0.1155635841,\"PSO_GPGM\":0.9999991719,\"PSO_NPGM\":0.8440405986,\"PSO_PDM\":1.0,\"PSO_SRM\":0.9758354096},\"PSO_SRM\":{\"PSO\":0.9758354096,\"SHADE\":0.1632981454,\"PSO_RR\":0.0080594293,\"PSO_GPGM\":0.9484982703,\"PSO_NPGM\":0.2976370473,\"PSO_PDM\":0.9758354096,\"PSO_SRM\":1.0}}"}