{"Friedman statistic": 20.400000000000006, "Friedman pvalue": 0.0023499075472104844, "Average ranks": "{\"PSO\":0.6571428571,\"PSO_GPGM\":0.4857142857,\"PSO_NPGM\":0.5142857143,\"PSO_PDM\":0.5714285714,\"PSO_RR\":0.1428571429,\"PSO_SRM\":0.6285714286,\"SHADE\":1.0}", "Nemenyi Friedman": "{\"PSO\":{\"PSO\":1.0,\"SHADE\":0.5776101297,\"PSO_RR\":0.1155635841,\"PSO_GPGM\":0.9758354096,\"PSO_NPGM\":0.9906454989,\"PSO_PDM\":0.9994588575,\"PSO_SRM\":0.9999991719},\"SHADE\":{\"PSO\":0.5776101297,\"SHADE\":1.0,\"PSO_RR\":0.0002272968,\"PSO_GPGM\":0.1155635841,\"PSO_NPGM\":0.1632981454,\"PSO_PDM\":0.2976370473,\"PSO_SRM\":0.4782106192},\"PSO_RR\":{\"PSO\":0.1155635841,\"SHADE\":0.0002272968,\"PSO_RR\":1.0,\"PSO_GPGM\":0.5776101297,\"PSO_NPGM\":0.4782106192,\"PSO_PDM\":0.2976370473,\"PSO_SRM\":0.1632981454},\"PSO_GPGM\":{\"PSO\":0.9758354096,\"SHADE\":0.1155635841,\"PSO_RR\":0.5776101297,\"PSO_GPGM\":1.0,\"PSO_NPGM\":0.9999991719,\"PSO_PDM\":0.9994588575,\"PSO_SRM\":0.9906454989},\"PSO_NPGM\":{\"PSO\":0.9906454989,\"SHADE\":0.1632981454,\"PSO_RR\":0.4782106192,\"PSO_GPGM\":0.9999991719,\"PSO_NPGM\":1.0,\"PSO_PDM\":0.9999491375,\"PSO_SRM\":0.9972342152},\"PSO_PDM\":{\"PSO\":0.9994588575,\"SHADE\":0.2976370473,\"PSO_RR\":0.2976370473,\"PSO_GPGM\":0.9994588575,\"PSO_NPGM\":0.9999491375,\"PSO_PDM\":1.0,\"PSO_SRM\":0.9999491375},\"PSO_SRM\":{\"PSO\":0.9999991719,\"SHADE\":0.4782106192,\"PSO_RR\":0.1632981454,\"PSO_GPGM\":0.9906454989,\"PSO_NPGM\":0.9972342152,\"PSO_PDM\":0.9999491375,\"PSO_SRM\":1.0}}"}