{"Friedman statistic": 24.342857142857156, "Friedman pvalue": 0.00045159346263831467, "Average ranks": "{\"PSO\":0.9428571429,\"PSO_GPGM\":0.7142857143,\"PSO_NPGM\":0.5714285714,\"PSO_PDM\":0.8,\"PSO_RR\":0.3142857143,\"PSO_SRM\":0.5142857143,\"SHADE\":0.1428571429}", "Nemenyi Friedman": "{\"PSO\":{\"PSO\":1.0,\"SHADE\":0.0008200331,\"PSO_RR\":0.0217912368,\"PSO_GPGM\":0.9050960943,\"PSO_NPGM\":0.4782106192,\"PSO_PDM\":0.9906454989,\"PSO_SRM\":0.2976370473},\"SHADE\":{\"PSO\":0.0008200331,\"SHADE\":1.0,\"PSO_RR\":0.9758354096,\"PSO_GPGM\":0.0530439276,\"PSO_NPGM\":0.2976370473,\"PSO_PDM\":0.0134230336,\"PSO_SRM\":0.4782106192},\"PSO_RR\":{\"PSO\":0.0217912368,\"SHADE\":0.9758354096,\"PSO_RR\":1.0,\"PSO_GPGM\":0.3833648396,\"PSO_NPGM\":0.8440405986,\"PSO_PDM\":0.1632981454,\"PSO_SRM\":0.9484982703},\"PSO_GPGM\":{\"PSO\":0.9050960943,\"SHADE\":0.0530439276,\"PSO_RR\":0.3833648396,\"PSO_GPGM\":1.0,\"PSO_NPGM\":0.9906454989,\"PSO_PDM\":0.9994588575,\"PSO_SRM\":0.9484982703},\"PSO_NPGM\":{\"PSO\":0.4782106192,\"SHADE\":0.2976370473,\"PSO_RR\":0.8440405986,\"PSO_GPGM\":0.9906454989,\"PSO_NPGM\":1.0,\"PSO_PDM\":0.9050960943,\"PSO_SRM\":0.9999491375},\"PSO_PDM\":{\"PSO\":0.9906454989,\"SHADE\":0.0134230336,\"PSO_RR\":0.1632981454,\"PSO_GPGM\":0.9994588575,\"PSO_NPGM\":0.9050960943,\"PSO_PDM\":1.0,\"PSO_SRM\":0.7663785771},\"PSO_SRM\":{\"PSO\":0.2976370473,\"SHADE\":0.4782106192,\"PSO_RR\":0.9484982703,\"PSO_GPGM\":0.9484982703,\"PSO_NPGM\":0.9999491375,\"PSO_PDM\":0.7663785771,\"PSO_SRM\":1.0}}"}