{"Friedman statistic": 15.514285714285705, "Friedman pvalue": 0.016612580458679665, "Average ranks": "{\"PSO\":0.5714285714,\"PSO_GPGM\":0.4,\"PSO_NPGM\":0.3714285714,\"PSO_PDM\":0.5714285714,\"PSO_RR\":0.4,\"PSO_SRM\":0.6857142857,\"SHADE\":1.0}", "Nemenyi Friedman": "{\"PSO\":{\"PSO\":1.0,\"SHADE\":0.2976370473,\"PSO_RR\":0.9758354096,\"PSO_GPGM\":0.9758354096,\"PSO_NPGM\":0.9484982703,\"PSO_PDM\":1.0,\"PSO_SRM\":0.9972342152},\"SHADE\":{\"PSO\":0.2976370473,\"SHADE\":1.0,\"PSO_RR\":0.0344598173,\"PSO_GPGM\":0.0344598173,\"PSO_NPGM\":0.0217912368,\"PSO_PDM\":0.2976370473,\"PSO_SRM\":0.6757402287},\"PSO_RR\":{\"PSO\":0.9758354096,\"SHADE\":0.0344598173,\"PSO_RR\":1.0,\"PSO_GPGM\":1.0,\"PSO_NPGM\":0.9999991719,\"PSO_PDM\":0.9758354096,\"PSO_SRM\":0.7663785771},\"PSO_GPGM\":{\"PSO\":0.9758354096,\"SHADE\":0.0344598173,\"PSO_RR\":1.0,\"PSO_GPGM\":1.0,\"PSO_NPGM\":0.9999991719,\"PSO_PDM\":0.9758354096,\"PSO_SRM\":0.7663785771},\"PSO_NPGM\":{\"PSO\":0.9484982703,\"SHADE\":0.0217912368,\"PSO_RR\":0.9999991719,\"PSO_GPGM\":0.9999991719,\"PSO_NPGM\":1.0,\"PSO_PDM\":0.9484982703,\"PSO_SRM\":0.6757402287},\"PSO_PDM\":{\"PSO\":1.0,\"SHADE\":0.2976370473,\"PSO_RR\":0.9758354096,\"PSO_GPGM\":0.9758354096,\"PSO_NPGM\":0.9484982703,\"PSO_PDM\":1.0,\"PSO_SRM\":0.9972342152},\"PSO_SRM\":{\"PSO\":0.9972342152,\"SHADE\":0.6757402287,\"PSO_RR\":0.7663785771,\"PSO_GPGM\":0.7663785771,\"PSO_NPGM\":0.6757402287,\"PSO_PDM\":0.9972342152,\"PSO_SRM\":1.0}}"}