{"Friedman statistic": 21.428571428571416, "Friedman pvalue": 0.001536030490694096, "Average ranks": "{\"PSO\":0.9142857143,\"PSO_GPGM\":0.6857142857,\"PSO_NPGM\":0.6,\"PSO_PDM\":0.7714285714,\"PSO_RR\":0.3428571429,\"PSO_SRM\":0.5428571429,\"SHADE\":0.1428571429}", "Nemenyi Friedman": "{\"PSO\":{\"PSO\":1.0,\"SHADE\":0.0015047501,\"PSO_RR\":0.0530439276,\"PSO_GPGM\":0.9050960943,\"PSO_NPGM\":0.6757402287,\"PSO_PDM\":0.9906454989,\"PSO_SRM\":0.4782106192},\"SHADE\":{\"PSO\":0.0015047501,\"SHADE\":1.0,\"PSO_RR\":0.9484982703,\"PSO_GPGM\":0.0794182833,\"PSO_NPGM\":0.2238966868,\"PSO_PDM\":0.0217912368,\"PSO_SRM\":0.3833648396},\"PSO_RR\":{\"PSO\":0.0530439276,\"SHADE\":0.9484982703,\"PSO_RR\":1.0,\"PSO_GPGM\":0.5776101297,\"PSO_NPGM\":0.8440405986,\"PSO_PDM\":0.2976370473,\"PSO_SRM\":0.9484982703},\"PSO_GPGM\":{\"PSO\":0.9050960943,\"SHADE\":0.0794182833,\"PSO_RR\":0.5776101297,\"PSO_GPGM\":1.0,\"PSO_NPGM\":0.9994588575,\"PSO_PDM\":0.9994588575,\"PSO_SRM\":0.9906454989},\"PSO_NPGM\":{\"PSO\":0.6757402287,\"SHADE\":0.2238966868,\"PSO_RR\":0.8440405986,\"PSO_GPGM\":0.9994588575,\"PSO_NPGM\":1.0,\"PSO_PDM\":0.9758354096,\"PSO_SRM\":0.9999491375},\"PSO_PDM\":{\"PSO\":0.9906454989,\"SHADE\":0.0217912368,\"PSO_RR\":0.2976370473,\"PSO_GPGM\":0.9994588575,\"PSO_NPGM\":0.9758354096,\"PSO_PDM\":1.0,\"PSO_SRM\":0.9050960943},\"PSO_SRM\":{\"PSO\":0.4782106192,\"SHADE\":0.3833648396,\"PSO_RR\":0.9484982703,\"PSO_GPGM\":0.9906454989,\"PSO_NPGM\":0.9999491375,\"PSO_PDM\":0.9050960943,\"PSO_SRM\":1.0}}"}