{"Friedman statistic": 21.828571428571422, "Friedman pvalue": 0.0013005909401746381, "Average ranks": "{\"PSO\":0.6857142857,\"PSO_GPGM\":0.6285714286,\"PSO_NPGM\":0.4,\"PSO_PDM\":0.5428571429,\"PSO_RR\":0.3428571429,\"PSO_SRM\":0.4,\"SHADE\":1.0}", "Nemenyi Friedman": "{\"PSO\":{\"PSO\":1.0,\"SHADE\":0.6757402287,\"PSO_RR\":0.5776101297,\"PSO_GPGM\":0.9999491375,\"PSO_NPGM\":0.7663785771,\"PSO_PDM\":0.9906454989,\"PSO_SRM\":0.7663785771},\"SHADE\":{\"PSO\":0.6757402287,\"SHADE\":1.0,\"PSO_RR\":0.0134230336,\"PSO_GPGM\":0.4782106192,\"PSO_NPGM\":0.0344598173,\"PSO_PDM\":0.2238966868,\"PSO_SRM\":0.0344598173},\"PSO_RR\":{\"PSO\":0.5776101297,\"SHADE\":0.0134230336,\"PSO_RR\":1.0,\"PSO_GPGM\":0.7663785771,\"PSO_NPGM\":0.9999491375,\"PSO_PDM\":0.9484982703,\"PSO_SRM\":0.9999491375},\"PSO_GPGM\":{\"PSO\":0.9999491375,\"SHADE\":0.4782106192,\"PSO_RR\":0.7663785771,\"PSO_GPGM\":1.0,\"PSO_NPGM\":0.9050960943,\"PSO_PDM\":0.9994588575,\"PSO_SRM\":0.9050960943},\"PSO_NPGM\":{\"PSO\":0.7663785771,\"SHADE\":0.0344598173,\"PSO_RR\":0.9999491375,\"PSO_GPGM\":0.9050960943,\"PSO_NPGM\":1.0,\"PSO_PDM\":0.9906454989,\"PSO_SRM\":1.0},\"PSO_PDM\":{\"PSO\":0.9906454989,\"SHADE\":0.2238966868,\"PSO_RR\":0.9484982703,\"PSO_GPGM\":0.9994588575,\"PSO_NPGM\":0.9906454989,\"PSO_PDM\":1.0,\"PSO_SRM\":0.9906454989},\"PSO_SRM\":{\"PSO\":0.7663785771,\"SHADE\":0.0344598173,\"PSO_RR\":0.9999491375,\"PSO_GPGM\":0.9050960943,\"PSO_NPGM\":1.0,\"PSO_PDM\":0.9906454989,\"PSO_SRM\":1.0}}"}