{"Friedman statistic": 20.742857142857133, "Friedman pvalue": 0.002040288166089286, "Average ranks": "{\"PSO\":0.8285714286,\"PSO_GPGM\":0.6857142857,\"PSO_NPGM\":0.4857142857,\"PSO_PDM\":0.7142857143,\"PSO_RR\":0.3428571429,\"PSO_SRM\":0.8,\"SHADE\":0.1428571429}", "Nemenyi Friedman": "{\"PSO\":{\"PSO\":1.0,\"SHADE\":0.0080594293,\"PSO_RR\":0.1632981454,\"PSO_GPGM\":0.9906454989,\"PSO_NPGM\":0.5776101297,\"PSO_PDM\":0.9972342152,\"PSO_SRM\":0.9999991719},\"SHADE\":{\"PSO\":0.0080594293,\"SHADE\":1.0,\"PSO_RR\":0.9484982703,\"PSO_GPGM\":0.0794182833,\"PSO_NPGM\":0.5776101297,\"PSO_PDM\":0.0530439276,\"PSO_SRM\":0.0134230336},\"PSO_RR\":{\"PSO\":0.1632981454,\"SHADE\":0.9484982703,\"PSO_RR\":1.0,\"PSO_GPGM\":0.5776101297,\"PSO_NPGM\":0.9906454989,\"PSO_PDM\":0.4782106192,\"PSO_SRM\":0.2238966868},\"PSO_GPGM\":{\"PSO\":0.9906454989,\"SHADE\":0.0794182833,\"PSO_RR\":0.5776101297,\"PSO_GPGM\":1.0,\"PSO_NPGM\":0.9484982703,\"PSO_PDM\":0.9999991719,\"PSO_SRM\":0.9972342152},\"PSO_NPGM\":{\"PSO\":0.5776101297,\"SHADE\":0.5776101297,\"PSO_RR\":0.9906454989,\"PSO_GPGM\":0.9484982703,\"PSO_NPGM\":1.0,\"PSO_PDM\":0.9050960943,\"PSO_SRM\":0.6757402287},\"PSO_PDM\":{\"PSO\":0.9972342152,\"SHADE\":0.0530439276,\"PSO_RR\":0.4782106192,\"PSO_GPGM\":0.9999991719,\"PSO_NPGM\":0.9050960943,\"PSO_PDM\":1.0,\"PSO_SRM\":0.9994588575},\"PSO_SRM\":{\"PSO\":0.9999991719,\"SHADE\":0.0134230336,\"PSO_RR\":0.2238966868,\"PSO_GPGM\":0.9972342152,\"PSO_NPGM\":0.6757402287,\"PSO_PDM\":0.9994588575,\"PSO_SRM\":1.0}}"}