{"Friedman statistic": 25.19999999999999, "Friedman pvalue": 0.000313529976470263, "Average ranks": "{\"PSO\":1.0,\"PSO_GPGM\":0.5714285714,\"PSO_NPGM\":0.6285714286,\"PSO_PDM\":0.7142857143,\"PSO_RR\":0.2857142857,\"PSO_SRM\":0.6571428571,\"SHADE\":0.1428571429}", "Nemenyi Friedman": "{\"PSO\":{\"PSO\":1.0,\"SHADE\":0.0002272968,\"PSO_RR\":0.0047195829,\"PSO_GPGM\":0.2976370473,\"PSO_NPGM\":0.4782106192,\"PSO_PDM\":0.7663785771,\"PSO_SRM\":0.5776101297},\"SHADE\":{\"PSO\":0.0002272968,\"SHADE\":1.0,\"PSO_RR\":0.9906454989,\"PSO_GPGM\":0.2976370473,\"PSO_NPGM\":0.1632981454,\"PSO_PDM\":0.0530439276,\"PSO_SRM\":0.1155635841},\"PSO_RR\":{\"PSO\":0.0047195829,\"SHADE\":0.9906454989,\"PSO_RR\":1.0,\"PSO_GPGM\":0.7663785771,\"PSO_NPGM\":0.5776101297,\"PSO_PDM\":0.2976370473,\"PSO_SRM\":0.4782106192},\"PSO_GPGM\":{\"PSO\":0.2976370473,\"SHADE\":0.2976370473,\"PSO_RR\":0.7663785771,\"PSO_GPGM\":1.0,\"PSO_NPGM\":0.9999491375,\"PSO_PDM\":0.9906454989,\"PSO_SRM\":0.9994588575},\"PSO_NPGM\":{\"PSO\":0.4782106192,\"SHADE\":0.1632981454,\"PSO_RR\":0.5776101297,\"PSO_GPGM\":0.9999491375,\"PSO_NPGM\":1.0,\"PSO_PDM\":0.9994588575,\"PSO_SRM\":0.9999991719},\"PSO_PDM\":{\"PSO\":0.7663785771,\"SHADE\":0.0530439276,\"PSO_RR\":0.2976370473,\"PSO_GPGM\":0.9906454989,\"PSO_NPGM\":0.9994588575,\"PSO_PDM\":1.0,\"PSO_SRM\":0.9999491375},\"PSO_SRM\":{\"PSO\":0.5776101297,\"SHADE\":0.1155635841,\"PSO_RR\":0.4782106192,\"PSO_GPGM\":0.9994588575,\"PSO_NPGM\":0.9999991719,\"PSO_PDM\":0.9999491375,\"PSO_SRM\":1.0}}"}