{"Friedman statistic": 18.771428571428572, "Friedman pvalue": 0.004567584850300614, "Average ranks": "{\"PSO\":0.8,\"PSO_GPGM\":0.8,\"PSO_NPGM\":0.6285714286,\"PSO_PDM\":0.7428571429,\"PSO_RR\":0.4,\"PSO_SRM\":0.4857142857,\"SHADE\":0.1428571429}", "Nemenyi Friedman": "{\"PSO\":{\"PSO\":1.0,\"SHADE\":0.0134230336,\"PSO_RR\":0.3833648396,\"PSO_GPGM\":1.0,\"PSO_NPGM\":0.9758354096,\"PSO_PDM\":0.9999491375,\"PSO_SRM\":0.6757402287},\"SHADE\":{\"PSO\":0.0134230336,\"SHADE\":1.0,\"PSO_RR\":0.8440405986,\"PSO_GPGM\":0.0134230336,\"PSO_NPGM\":0.1632981454,\"PSO_PDM\":0.0344598173,\"PSO_SRM\":0.5776101297},\"PSO_RR\":{\"PSO\":0.3833648396,\"SHADE\":0.8440405986,\"PSO_RR\":1.0,\"PSO_GPGM\":0.3833648396,\"PSO_NPGM\":0.9050960943,\"PSO_PDM\":0.5776101297,\"PSO_SRM\":0.9994588575},\"PSO_GPGM\":{\"PSO\":1.0,\"SHADE\":0.0134230336,\"PSO_RR\":0.3833648396,\"PSO_GPGM\":1.0,\"PSO_NPGM\":0.9758354096,\"PSO_PDM\":0.9999491375,\"PSO_SRM\":0.6757402287},\"PSO_NPGM\":{\"PSO\":0.9758354096,\"SHADE\":0.1632981454,\"PSO_RR\":0.9050960943,\"PSO_GPGM\":0.9758354096,\"PSO_NPGM\":1.0,\"PSO_PDM\":0.9972342152,\"PSO_SRM\":0.9906454989},\"PSO_PDM\":{\"PSO\":0.9999491375,\"SHADE\":0.0344598173,\"PSO_RR\":0.5776101297,\"PSO_GPGM\":0.9999491375,\"PSO_NPGM\":0.9972342152,\"PSO_PDM\":1.0,\"PSO_SRM\":0.8440405986},\"PSO_SRM\":{\"PSO\":0.6757402287,\"SHADE\":0.5776101297,\"PSO_RR\":0.9994588575,\"PSO_GPGM\":0.6757402287,\"PSO_NPGM\":0.9906454989,\"PSO_PDM\":0.8440405986,\"PSO_SRM\":1.0}}"}