{"Friedman statistic": 27.227621483375863, "Friedman pvalue": 0.00013125712708839216, "Average ranks": "{\"PSO\":0.7589285714,\"PSO_GPGM\":0.5208333333,\"PSO_NPGM\":0.5625,\"PSO_PDM\":0.6696428571,\"PSO_RR\":0.3720238095,\"PSO_SRM\":0.6160714286,\"SHADE\":0.5}", "Nemenyi Friedman": "{\"PSO\":{\"PSO\":1.0,\"SHADE\":0.0563399552,\"PSO_RR\":0.0002829683,\"PSO_GPGM\":0.105218167,\"PSO_NPGM\":0.2926671097,\"PSO_PDM\":0.9536661972,\"PSO_SRM\":0.6800776535},\"SHADE\":{\"PSO\":0.0563399552,\"SHADE\":1.0,\"PSO_RR\":0.7819982636,\"PSO_GPGM\":0.9999865252,\"PSO_NPGM\":0.9925467394,\"PSO_PDM\":0.4773864455,\"PSO_SRM\":0.8508988891},\"PSO_RR\":{\"PSO\":0.0002829683,\"SHADE\":0.7819982636,\"PSO_RR\":1.0,\"PSO_GPGM\":0.6359760014,\"PSO_NPGM\":0.3301076952,\"PSO_PDM\":0.0146614528,\"PSO_SRM\":0.0886776457},\"PSO_GPGM\":{\"PSO\":0.105218167,\"SHADE\":0.9999865252,\"PSO_RR\":0.6359760014,\"PSO_GPGM\":1.0,\"PSO_NPGM\":0.9992231817,\"PSO_PDM\":0.6359760014,\"PSO_SRM\":0.9371647491},\"PSO_NPGM\":{\"PSO\":0.2926671097,\"SHADE\":0.9925467394,\"PSO_RR\":0.3301076952,\"PSO_GPGM\":0.9992231817,\"PSO_NPGM\":1.0,\"PSO_PDM\":0.8934184011,\"PSO_SRM\":0.9967931498},\"PSO_PDM\":{\"PSO\":0.9536661972,\"SHADE\":0.4773864455,\"PSO_RR\":0.0146614528,\"PSO_GPGM\":0.6359760014,\"PSO_NPGM\":0.8934184011,\"PSO_PDM\":1.0,\"PSO_SRM\":0.9967931498},\"PSO_SRM\":{\"PSO\":0.6800776535,\"SHADE\":0.8508988891,\"PSO_RR\":0.0886776457,\"PSO_GPGM\":0.9371647491,\"PSO_NPGM\":0.9967931498,\"PSO_PDM\":0.9967931498,\"PSO_SRM\":1.0}}"}