{"Friedman statistic": 12.685714285714283, "Friedman pvalue": 0.048307360662103234, "Average ranks": "{\"PSO\":0.5142857143,\"PSO_GPGM\":0.4285714286,\"PSO_NPGM\":0.5428571429,\"PSO_PDM\":0.6,\"PSO_RR\":0.4,\"PSO_SRM\":0.5142857143,\"SHADE\":1.0}", "Nemenyi Friedman": "{\"PSO\":{\"PSO\":1.0,\"SHADE\":0.1632981454,\"PSO_RR\":0.9972342152,\"PSO_GPGM\":0.9994588575,\"PSO_NPGM\":0.9999991719,\"PSO_PDM\":0.9994588575,\"PSO_SRM\":1.0},\"SHADE\":{\"PSO\":0.1632981454,\"SHADE\":1.0,\"PSO_RR\":0.0344598173,\"PSO_GPGM\":0.0530439276,\"PSO_NPGM\":0.2238966868,\"PSO_PDM\":0.3833648396,\"PSO_SRM\":0.1632981454},\"PSO_RR\":{\"PSO\":0.9972342152,\"SHADE\":0.0344598173,\"PSO_RR\":1.0,\"PSO_GPGM\":0.9999991719,\"PSO_NPGM\":0.9906454989,\"PSO_PDM\":0.9484982703,\"PSO_SRM\":0.9972342152},\"PSO_GPGM\":{\"PSO\":0.9994588575,\"SHADE\":0.0530439276,\"PSO_RR\":0.9999991719,\"PSO_GPGM\":1.0,\"PSO_NPGM\":0.9972342152,\"PSO_PDM\":0.9758354096,\"PSO_SRM\":0.9994588575},\"PSO_NPGM\":{\"PSO\":0.9999991719,\"SHADE\":0.2238966868,\"PSO_RR\":0.9906454989,\"PSO_GPGM\":0.9972342152,\"PSO_NPGM\":1.0,\"PSO_PDM\":0.9999491375,\"PSO_SRM\":0.9999991719},\"PSO_PDM\":{\"PSO\":0.9994588575,\"SHADE\":0.3833648396,\"PSO_RR\":0.9484982703,\"PSO_GPGM\":0.9758354096,\"PSO_NPGM\":0.9999491375,\"PSO_PDM\":1.0,\"PSO_SRM\":0.9994588575},\"PSO_SRM\":{\"PSO\":1.0,\"SHADE\":0.1632981454,\"PSO_RR\":0.9972342152,\"PSO_GPGM\":0.9994588575,\"PSO_NPGM\":0.9999991719,\"PSO_PDM\":0.9994588575,\"PSO_SRM\":1.0}}"}