{"Friedman statistic": 26.91428571428571, "Friedman pvalue": 0.00015026055342135214, "Average ranks": "{\"PSO\":0.9428571429,\"PSO_GPGM\":0.3714285714,\"PSO_NPGM\":0.4571428571,\"PSO_PDM\":0.6857142857,\"PSO_RR\":0.1428571429,\"PSO_SRM\":0.4857142857,\"SHADE\":0.9142857143}", "Nemenyi Friedman": "{\"PSO\":{\"PSO\":1.0,\"SHADE\":0.9999991719,\"PSO_RR\":0.0008200331,\"PSO_GPGM\":0.0530439276,\"PSO_NPGM\":0.1632981454,\"PSO_PDM\":0.8440405986,\"PSO_SRM\":0.2238966868},\"SHADE\":{\"PSO\":0.9999991719,\"SHADE\":1.0,\"PSO_RR\":0.0015047501,\"PSO_GPGM\":0.0794182833,\"PSO_NPGM\":0.2238966868,\"PSO_PDM\":0.9050960943,\"PSO_SRM\":0.2976370473},\"PSO_RR\":{\"PSO\":0.0008200331,\"SHADE\":0.0015047501,\"PSO_RR\":1.0,\"PSO_GPGM\":0.9050960943,\"PSO_NPGM\":0.6757402287,\"PSO_PDM\":0.0794182833,\"PSO_SRM\":0.5776101297},\"PSO_GPGM\":{\"PSO\":0.0530439276,\"SHADE\":0.0794182833,\"PSO_RR\":0.9050960943,\"PSO_GPGM\":1.0,\"PSO_NPGM\":0.9994588575,\"PSO_PDM\":0.6757402287,\"PSO_SRM\":0.9972342152},\"PSO_NPGM\":{\"PSO\":0.1632981454,\"SHADE\":0.2238966868,\"PSO_RR\":0.6757402287,\"PSO_GPGM\":0.9994588575,\"PSO_NPGM\":1.0,\"PSO_PDM\":0.9050960943,\"PSO_SRM\":0.9999991719},\"PSO_PDM\":{\"PSO\":0.8440405986,\"SHADE\":0.9050960943,\"PSO_RR\":0.0794182833,\"PSO_GPGM\":0.6757402287,\"PSO_NPGM\":0.9050960943,\"PSO_PDM\":1.0,\"PSO_SRM\":0.9484982703},\"PSO_SRM\":{\"PSO\":0.2238966868,\"SHADE\":0.2976370473,\"PSO_RR\":0.5776101297,\"PSO_GPGM\":0.9972342152,\"PSO_NPGM\":0.9999991719,\"PSO_PDM\":0.9484982703,\"PSO_SRM\":1.0}}"}