{"Friedman statistic": 15.720430107526878, "Friedman pvalue": 0.015335846070068665, "Average ranks": "{\"PSO\":0.4,\"PSO_GPGM\":0.6142857143,\"PSO_NPGM\":0.6714285714,\"PSO_PDM\":0.4285714286,\"PSO_RR\":0.3428571429,\"PSO_SRM\":0.5428571429,\"SHADE\":1.0}", "Nemenyi Friedman": "{\"PSO\":{\"PSO\":1.0,\"SHADE\":0.0344598173,\"PSO_RR\":0.9999491375,\"PSO_GPGM\":0.9289616379,\"PSO_NPGM\":0.8071132944,\"PSO_PDM\":0.9999991719,\"PSO_SRM\":0.9906454989},\"SHADE\":{\"PSO\":0.0344598173,\"SHADE\":1.0,\"PSO_RR\":0.0134230336,\"PSO_GPGM\":0.4298964372,\"PSO_NPGM\":0.6272259543,\"PSO_PDM\":0.0530439276,\"PSO_SRM\":0.2238966868},\"PSO_RR\":{\"PSO\":0.9999491375,\"SHADE\":0.0134230336,\"PSO_RR\":1.0,\"PSO_GPGM\":0.8071132944,\"PSO_NPGM\":0.6272259543,\"PSO_PDM\":0.9994588575,\"PSO_SRM\":0.9484982703},\"PSO_GPGM\":{\"PSO\":0.9289616379,\"SHADE\":0.4298964372,\"PSO_RR\":0.8071132944,\"PSO_GPGM\":1.0,\"PSO_NPGM\":0.9999491375,\"PSO_PDM\":0.9639871332,\"PSO_SRM\":0.9998118536},\"PSO_NPGM\":{\"PSO\":0.8071132944,\"SHADE\":0.6272259543,\"PSO_RR\":0.6272259543,\"PSO_GPGM\":0.9999491375,\"PSO_NPGM\":1.0,\"PSO_PDM\":0.8767745078,\"PSO_SRM\":0.9947037357},\"PSO_PDM\":{\"PSO\":0.9999991719,\"SHADE\":0.0530439276,\"PSO_RR\":0.9994588575,\"PSO_GPGM\":0.9639871332,\"PSO_NPGM\":0.8767745078,\"PSO_PDM\":1.0,\"PSO_SRM\":0.9972342152},\"PSO_SRM\":{\"PSO\":0.9906454989,\"SHADE\":0.2238966868,\"PSO_RR\":0.9484982703,\"PSO_GPGM\":0.9998118536,\"PSO_NPGM\":0.9947037357,\"PSO_PDM\":0.9972342152,\"PSO_SRM\":1.0}}"}