{"Friedman statistic": 14.914285714285711, "Friedman pvalue": 0.020933958571733156, "Average ranks": "{\"PSO\":0.8285714286,\"PSO_GPGM\":0.4285714286,\"PSO_NPGM\":0.6857142857,\"PSO_PDM\":0.8285714286,\"PSO_RR\":0.3428571429,\"PSO_SRM\":0.5714285714,\"SHADE\":0.3142857143}", "Nemenyi Friedman": "{\"PSO\":{\"PSO\":1.0,\"SHADE\":0.1155635841,\"PSO_RR\":0.1632981454,\"PSO_GPGM\":0.3833648396,\"PSO_NPGM\":0.9906454989,\"PSO_PDM\":1.0,\"PSO_SRM\":0.8440405986},\"SHADE\":{\"PSO\":0.1155635841,\"SHADE\":1.0,\"PSO_RR\":0.9999991719,\"PSO_GPGM\":0.9972342152,\"PSO_NPGM\":0.4782106192,\"PSO_PDM\":0.1155635841,\"PSO_SRM\":0.8440405986},\"PSO_RR\":{\"PSO\":0.1632981454,\"SHADE\":0.9999991719,\"PSO_RR\":1.0,\"PSO_GPGM\":0.9994588575,\"PSO_NPGM\":0.5776101297,\"PSO_PDM\":0.1632981454,\"PSO_SRM\":0.9050960943},\"PSO_GPGM\":{\"PSO\":0.3833648396,\"SHADE\":0.9972342152,\"PSO_RR\":0.9994588575,\"PSO_GPGM\":1.0,\"PSO_NPGM\":0.8440405986,\"PSO_PDM\":0.3833648396,\"PSO_SRM\":0.9906454989},\"PSO_NPGM\":{\"PSO\":0.9906454989,\"SHADE\":0.4782106192,\"PSO_RR\":0.5776101297,\"PSO_GPGM\":0.8440405986,\"PSO_NPGM\":1.0,\"PSO_PDM\":0.9906454989,\"PSO_SRM\":0.9972342152},\"PSO_PDM\":{\"PSO\":1.0,\"SHADE\":0.1155635841,\"PSO_RR\":0.1632981454,\"PSO_GPGM\":0.3833648396,\"PSO_NPGM\":0.9906454989,\"PSO_PDM\":1.0,\"PSO_SRM\":0.8440405986},\"PSO_SRM\":{\"PSO\":0.8440405986,\"SHADE\":0.8440405986,\"PSO_RR\":0.9050960943,\"PSO_GPGM\":0.9906454989,\"PSO_NPGM\":0.9972342152,\"PSO_PDM\":0.8440405986,\"PSO_SRM\":1.0}}"}