{"Friedman statistic": 27.94285714285715, "Friedman pvalue": 9.631976609554286e-05, "Average ranks": "{\"PSO\":0.8857142857,\"PSO_GPGM\":0.4,\"PSO_NPGM\":0.3428571429,\"PSO_PDM\":0.6571428571,\"PSO_RR\":0.1428571429,\"PSO_SRM\":0.6,\"SHADE\":0.9714285714}", "Nemenyi Friedman": "{\"PSO\":{\"PSO\":1.0,\"SHADE\":0.9994588575,\"PSO_RR\":0.0026970294,\"PSO_GPGM\":0.1632981454,\"PSO_NPGM\":0.0794182833,\"PSO_PDM\":0.9050960943,\"PSO_SRM\":0.7663785771},\"SHADE\":{\"PSO\":0.9994588575,\"SHADE\":1.0,\"PSO_RR\":0.0004366741,\"PSO_GPGM\":0.0530439276,\"PSO_NPGM\":0.0217912368,\"PSO_PDM\":0.6757402287,\"PSO_SRM\":0.4782106192},\"PSO_RR\":{\"PSO\":0.0026970294,\"SHADE\":0.0004366741,\"PSO_RR\":1.0,\"PSO_GPGM\":0.8440405986,\"PSO_NPGM\":0.9484982703,\"PSO_PDM\":0.1155635841,\"PSO_SRM\":0.2238966868},\"PSO_GPGM\":{\"PSO\":0.1632981454,\"SHADE\":0.0530439276,\"PSO_RR\":0.8440405986,\"PSO_GPGM\":1.0,\"PSO_NPGM\":0.9999491375,\"PSO_PDM\":0.8440405986,\"PSO_SRM\":0.9484982703},\"PSO_NPGM\":{\"PSO\":0.0794182833,\"SHADE\":0.0217912368,\"PSO_RR\":0.9484982703,\"PSO_GPGM\":0.9999491375,\"PSO_NPGM\":1.0,\"PSO_PDM\":0.6757402287,\"PSO_SRM\":0.8440405986},\"PSO_PDM\":{\"PSO\":0.9050960943,\"SHADE\":0.6757402287,\"PSO_RR\":0.1155635841,\"PSO_GPGM\":0.8440405986,\"PSO_NPGM\":0.6757402287,\"PSO_PDM\":1.0,\"PSO_SRM\":0.9999491375},\"PSO_SRM\":{\"PSO\":0.7663785771,\"SHADE\":0.4782106192,\"PSO_RR\":0.2238966868,\"PSO_GPGM\":0.9484982703,\"PSO_NPGM\":0.8440405986,\"PSO_PDM\":0.9999491375,\"PSO_SRM\":1.0}}"}