{"Friedman statistic": 27.771428571428572, "Friedman pvalue": 0.00010374706303743661, "Average ranks": "{\"PSO\":0.8571428571,\"PSO_GPGM\":0.3428571429,\"PSO_NPGM\":0.4285714286,\"PSO_PDM\":0.5714285714,\"PSO_RR\":0.1428571429,\"PSO_SRM\":0.6571428571,\"SHADE\":1.0}", "Nemenyi Friedman": "{\"PSO\":{\"PSO\":1.0,\"SHADE\":0.9906454989,\"PSO_RR\":0.0047195829,\"PSO_GPGM\":0.1155635841,\"PSO_NPGM\":0.2976370473,\"PSO_PDM\":0.7663785771,\"PSO_SRM\":0.9484982703},\"SHADE\":{\"PSO\":0.9906454989,\"SHADE\":1.0,\"PSO_RR\":0.0002272968,\"PSO_GPGM\":0.0134230336,\"PSO_NPGM\":0.0530439276,\"PSO_PDM\":0.2976370473,\"PSO_SRM\":0.5776101297},\"PSO_RR\":{\"PSO\":0.0047195829,\"SHADE\":0.0002272968,\"PSO_RR\":1.0,\"PSO_GPGM\":0.9484982703,\"PSO_NPGM\":0.7663785771,\"PSO_PDM\":0.2976370473,\"PSO_SRM\":0.1155635841},\"PSO_GPGM\":{\"PSO\":0.1155635841,\"SHADE\":0.0134230336,\"PSO_RR\":0.9484982703,\"PSO_GPGM\":1.0,\"PSO_NPGM\":0.9994588575,\"PSO_PDM\":0.9050960943,\"PSO_SRM\":0.6757402287},\"PSO_NPGM\":{\"PSO\":0.2976370473,\"SHADE\":0.0530439276,\"PSO_RR\":0.7663785771,\"PSO_GPGM\":0.9994588575,\"PSO_NPGM\":1.0,\"PSO_PDM\":0.9906454989,\"PSO_SRM\":0.9050960943},\"PSO_PDM\":{\"PSO\":0.7663785771,\"SHADE\":0.2976370473,\"PSO_RR\":0.2976370473,\"PSO_GPGM\":0.9050960943,\"PSO_NPGM\":0.9906454989,\"PSO_PDM\":1.0,\"PSO_SRM\":0.9994588575},\"PSO_SRM\":{\"PSO\":0.9484982703,\"SHADE\":0.5776101297,\"PSO_RR\":0.1155635841,\"PSO_GPGM\":0.6757402287,\"PSO_NPGM\":0.9050960943,\"PSO_PDM\":0.9994588575,\"PSO_SRM\":1.0}}"}