{"Friedman statistic": 17.69892473118281, "Friedman pvalue": 0.007030337571789654, "Average ranks": "{\"PSO\":0.6571428571,\"PSO_GPGM\":0.5428571429,\"PSO_NPGM\":0.7,\"PSO_PDM\":0.9142857143,\"PSO_RR\":0.4714285714,\"PSO_SRM\":0.5714285714,\"SHADE\":0.1428571429}", "Nemenyi Friedman": "{\"PSO\":{\"PSO\":1.0,\"SHADE\":0.1155635841,\"PSO_RR\":0.9639871332,\"PSO_GPGM\":0.9972342152,\"PSO_NPGM\":0.9999907277,\"PSO_PDM\":0.8440405986,\"PSO_SRM\":0.9994588575},\"SHADE\":{\"PSO\":0.1155635841,\"SHADE\":1.0,\"PSO_RR\":0.6272259543,\"PSO_GPGM\":0.3833648396,\"PSO_NPGM\":0.0651334591,\"PSO_PDM\":0.0015047501,\"PSO_SRM\":0.2976370473},\"PSO_RR\":{\"PSO\":0.9639871332,\"SHADE\":0.6272259543,\"PSO_RR\":1.0,\"PSO_GPGM\":0.9998118536,\"PSO_NPGM\":0.9050960943,\"PSO_PDM\":0.2591582881,\"PSO_SRM\":0.9986942924},\"PSO_GPGM\":{\"PSO\":0.9972342152,\"SHADE\":0.3833648396,\"PSO_RR\":0.9998118536,\"PSO_GPGM\":1.0,\"PSO_NPGM\":0.984539857,\"PSO_PDM\":0.4782106192,\"PSO_SRM\":0.9999991719},\"PSO_NPGM\":{\"PSO\":0.9999907277,\"SHADE\":0.0651334591,\"PSO_RR\":0.9050960943,\"PSO_GPGM\":0.984539857,\"PSO_NPGM\":1.0,\"PSO_PDM\":0.9289616379,\"PSO_SRM\":0.9947037357},\"PSO_PDM\":{\"PSO\":0.8440405986,\"SHADE\":0.0015047501,\"PSO_RR\":0.2591582881,\"PSO_GPGM\":0.4782106192,\"PSO_NPGM\":0.9289616379,\"PSO_PDM\":1.0,\"PSO_SRM\":0.5776101297},\"PSO_SRM\":{\"PSO\":0.9994588575,\"SHADE\":0.2976370473,\"PSO_RR\":0.9986942924,\"PSO_GPGM\":0.9999991719,\"PSO_NPGM\":0.9947037357,\"PSO_PDM\":0.5776101297,\"PSO_SRM\":1.0}}"}