{"Friedman statistic": 29.14285714285714, "Friedman pvalue": 5.7164096798029414e-05, "Average ranks": "{\"PSO\":0.8571428571,\"PSO_GPGM\":0.3714285714,\"PSO_NPGM\":0.3428571429,\"PSO_PDM\":0.6857142857,\"PSO_RR\":0.1428571429,\"PSO_SRM\":0.6,\"SHADE\":1.0}", "Nemenyi Friedman": "{\"PSO\":{\"PSO\":1.0,\"SHADE\":0.9906454989,\"PSO_RR\":0.0047195829,\"PSO_GPGM\":0.1632981454,\"PSO_NPGM\":0.1155635841,\"PSO_PDM\":0.9758354096,\"PSO_SRM\":0.8440405986},\"SHADE\":{\"PSO\":0.9906454989,\"SHADE\":1.0,\"PSO_RR\":0.0002272968,\"PSO_GPGM\":0.0217912368,\"PSO_NPGM\":0.0134230336,\"PSO_PDM\":0.6757402287,\"PSO_SRM\":0.3833648396},\"PSO_RR\":{\"PSO\":0.0047195829,\"SHADE\":0.0002272968,\"PSO_RR\":1.0,\"PSO_GPGM\":0.9050960943,\"PSO_NPGM\":0.9484982703,\"PSO_PDM\":0.0794182833,\"PSO_SRM\":0.2238966868},\"PSO_GPGM\":{\"PSO\":0.1632981454,\"SHADE\":0.0217912368,\"PSO_RR\":0.9050960943,\"PSO_GPGM\":1.0,\"PSO_NPGM\":0.9999991719,\"PSO_PDM\":0.6757402287,\"PSO_SRM\":0.9050960943},\"PSO_NPGM\":{\"PSO\":0.1155635841,\"SHADE\":0.0134230336,\"PSO_RR\":0.9484982703,\"PSO_GPGM\":0.9999991719,\"PSO_NPGM\":1.0,\"PSO_PDM\":0.5776101297,\"PSO_SRM\":0.8440405986},\"PSO_PDM\":{\"PSO\":0.9758354096,\"SHADE\":0.6757402287,\"PSO_RR\":0.0794182833,\"PSO_GPGM\":0.6757402287,\"PSO_NPGM\":0.5776101297,\"PSO_PDM\":1.0,\"PSO_SRM\":0.9994588575},\"PSO_SRM\":{\"PSO\":0.8440405986,\"SHADE\":0.3833648396,\"PSO_RR\":0.2238966868,\"PSO_GPGM\":0.9050960943,\"PSO_NPGM\":0.8440405986,\"PSO_PDM\":0.9994588575,\"PSO_SRM\":1.0}}"}