{"Friedman statistic": 25.53488372093021, "Friedman pvalue": 0.00027172663690903996, "Average ranks": "{\"PSO\":0.6714285714,\"PSO_GPGM\":0.6714285714,\"PSO_NPGM\":0.5857142857,\"PSO_PDM\":0.6714285714,\"PSO_RR\":0.5857142857,\"PSO_SRM\":0.6714285714,\"SHADE\":0.1428571429}", "Nemenyi Friedman": "{\"PSO\":{\"PSO\":1.0,\"SHADE\":0.0961481485,\"PSO_RR\":0.9994588575,\"PSO_GPGM\":1.0,\"PSO_NPGM\":0.9994588575,\"PSO_PDM\":1.0,\"PSO_SRM\":1.0},\"SHADE\":{\"PSO\":0.0961481485,\"SHADE\":1.0,\"PSO_RR\":0.2591582881,\"PSO_GPGM\":0.0961481485,\"PSO_NPGM\":0.2591582881,\"PSO_PDM\":0.0961481485,\"PSO_SRM\":0.0961481485},\"PSO_RR\":{\"PSO\":0.9994588575,\"SHADE\":0.2591582881,\"PSO_RR\":1.0,\"PSO_GPGM\":0.9994588575,\"PSO_NPGM\":1.0,\"PSO_PDM\":0.9994588575,\"PSO_SRM\":0.9994588575},\"PSO_GPGM\":{\"PSO\":1.0,\"SHADE\":0.0961481485,\"PSO_RR\":0.9994588575,\"PSO_GPGM\":1.0,\"PSO_NPGM\":0.9994588575,\"PSO_PDM\":1.0,\"PSO_SRM\":1.0},\"PSO_NPGM\":{\"PSO\":0.9994588575,\"SHADE\":0.2591582881,\"PSO_RR\":1.0,\"PSO_GPGM\":0.9994588575,\"PSO_NPGM\":1.0,\"PSO_PDM\":0.9994588575,\"PSO_SRM\":0.9994588575},\"PSO_PDM\":{\"PSO\":1.0,\"SHADE\":0.0961481485,\"PSO_RR\":0.9994588575,\"PSO_GPGM\":1.0,\"PSO_NPGM\":0.9994588575,\"PSO_PDM\":1.0,\"PSO_SRM\":1.0},\"PSO_SRM\":{\"PSO\":1.0,\"SHADE\":0.0961481485,\"PSO_RR\":0.9994588575,\"PSO_GPGM\":1.0,\"PSO_NPGM\":0.9994588575,\"PSO_PDM\":1.0,\"PSO_SRM\":1.0}}"}