{"Friedman statistic": 22.97142857142856, "Friedman pvalue": 0.0008061046124939615, "Average ranks": "{\"PSO\":0.9142857143,\"PSO_GPGM\":0.6857142857,\"PSO_NPGM\":0.5428571429,\"PSO_PDM\":0.7142857143,\"PSO_RR\":0.2857142857,\"PSO_SRM\":0.7142857143,\"SHADE\":0.1428571429}", "Nemenyi Friedman": "{\"PSO\":{\"PSO\":1.0,\"SHADE\":0.0015047501,\"PSO_RR\":0.0217912368,\"PSO_GPGM\":0.9050960943,\"PSO_NPGM\":0.4782106192,\"PSO_PDM\":0.9484982703,\"PSO_SRM\":0.9484982703},\"SHADE\":{\"PSO\":0.0015047501,\"SHADE\":1.0,\"PSO_RR\":0.9906454989,\"PSO_GPGM\":0.0794182833,\"PSO_NPGM\":0.3833648396,\"PSO_PDM\":0.0530439276,\"PSO_SRM\":0.0530439276},\"PSO_RR\":{\"PSO\":0.0217912368,\"SHADE\":0.9906454989,\"PSO_RR\":1.0,\"PSO_GPGM\":0.3833648396,\"PSO_NPGM\":0.8440405986,\"PSO_PDM\":0.2976370473,\"PSO_SRM\":0.2976370473},\"PSO_GPGM\":{\"PSO\":0.9050960943,\"SHADE\":0.0794182833,\"PSO_RR\":0.3833648396,\"PSO_GPGM\":1.0,\"PSO_NPGM\":0.9906454989,\"PSO_PDM\":0.9999991719,\"PSO_SRM\":0.9999991719},\"PSO_NPGM\":{\"PSO\":0.4782106192,\"SHADE\":0.3833648396,\"PSO_RR\":0.8440405986,\"PSO_GPGM\":0.9906454989,\"PSO_NPGM\":1.0,\"PSO_PDM\":0.9758354096,\"PSO_SRM\":0.9758354096},\"PSO_PDM\":{\"PSO\":0.9484982703,\"SHADE\":0.0530439276,\"PSO_RR\":0.2976370473,\"PSO_GPGM\":0.9999991719,\"PSO_NPGM\":0.9758354096,\"PSO_PDM\":1.0,\"PSO_SRM\":1.0},\"PSO_SRM\":{\"PSO\":0.9484982703,\"SHADE\":0.0530439276,\"PSO_RR\":0.2976370473,\"PSO_GPGM\":0.9999991719,\"PSO_NPGM\":0.9758354096,\"PSO_PDM\":1.0,\"PSO_SRM\":1.0}}"}