{"Friedman statistic": 21.257142857142867, "Friedman pvalue": 0.0016492734580440007, "Average ranks": "{\"PSO\":0.7142857143,\"PSO_GPGM\":0.8571428571,\"PSO_NPGM\":0.6,\"PSO_PDM\":0.8,\"PSO_RR\":0.3142857143,\"PSO_SRM\":0.5714285714,\"SHADE\":0.1428571429}", "Nemenyi Friedman": "{\"PSO\":{\"PSO\":1.0,\"SHADE\":0.0530439276,\"PSO_RR\":0.3833648396,\"PSO_GPGM\":0.9906454989,\"PSO_NPGM\":0.9972342152,\"PSO_PDM\":0.9994588575,\"PSO_SRM\":0.9906454989},\"SHADE\":{\"PSO\":0.0530439276,\"SHADE\":1.0,\"PSO_RR\":0.9758354096,\"PSO_GPGM\":0.0047195829,\"PSO_NPGM\":0.2238966868,\"PSO_PDM\":0.0134230336,\"PSO_SRM\":0.2976370473},\"PSO_RR\":{\"PSO\":0.3833648396,\"SHADE\":0.9758354096,\"PSO_RR\":1.0,\"PSO_GPGM\":0.0794182833,\"PSO_NPGM\":0.7663785771,\"PSO_PDM\":0.1632981454,\"PSO_SRM\":0.8440405986},\"PSO_GPGM\":{\"PSO\":0.9906454989,\"SHADE\":0.0047195829,\"PSO_RR\":0.0794182833,\"PSO_GPGM\":1.0,\"PSO_NPGM\":0.8440405986,\"PSO_PDM\":0.9999491375,\"PSO_SRM\":0.7663785771},\"PSO_NPGM\":{\"PSO\":0.9972342152,\"SHADE\":0.2238966868,\"PSO_RR\":0.7663785771,\"PSO_GPGM\":0.8440405986,\"PSO_NPGM\":1.0,\"PSO_PDM\":0.9484982703,\"PSO_SRM\":0.9999991719},\"PSO_PDM\":{\"PSO\":0.9994588575,\"SHADE\":0.0134230336,\"PSO_RR\":0.1632981454,\"PSO_GPGM\":0.9999491375,\"PSO_NPGM\":0.9484982703,\"PSO_PDM\":1.0,\"PSO_SRM\":0.9050960943},\"PSO_SRM\":{\"PSO\":0.9906454989,\"SHADE\":0.2976370473,\"PSO_RR\":0.8440405986,\"PSO_GPGM\":0.7663785771,\"PSO_NPGM\":0.9999991719,\"PSO_PDM\":0.9050960943,\"PSO_SRM\":1.0}}"}