{"Friedman statistic": 20.657142857142873, "Friedman pvalue": 0.002113730596917549, "Average ranks": "{\"PSO\":0.6285714286,\"PSO_GPGM\":0.6285714286,\"PSO_NPGM\":0.6285714286,\"PSO_PDM\":0.4571428571,\"PSO_RR\":0.1428571429,\"PSO_SRM\":0.5142857143,\"SHADE\":1.0}", "Nemenyi Friedman": "{\"PSO\":{\"PSO\":1.0,\"SHADE\":0.4782106192,\"PSO_RR\":0.1632981454,\"PSO_GPGM\":1.0,\"PSO_NPGM\":1.0,\"PSO_PDM\":0.9758354096,\"PSO_SRM\":0.9972342152},\"SHADE\":{\"PSO\":0.4782106192,\"SHADE\":1.0,\"PSO_RR\":0.0002272968,\"PSO_GPGM\":0.4782106192,\"PSO_NPGM\":0.4782106192,\"PSO_PDM\":0.0794182833,\"PSO_SRM\":0.1632981454},\"PSO_RR\":{\"PSO\":0.1632981454,\"SHADE\":0.0002272968,\"PSO_RR\":1.0,\"PSO_GPGM\":0.1632981454,\"PSO_NPGM\":0.1632981454,\"PSO_PDM\":0.6757402287,\"PSO_SRM\":0.4782106192},\"PSO_GPGM\":{\"PSO\":1.0,\"SHADE\":0.4782106192,\"PSO_RR\":0.1632981454,\"PSO_GPGM\":1.0,\"PSO_NPGM\":1.0,\"PSO_PDM\":0.9758354096,\"PSO_SRM\":0.9972342152},\"PSO_NPGM\":{\"PSO\":1.0,\"SHADE\":0.4782106192,\"PSO_RR\":0.1632981454,\"PSO_GPGM\":1.0,\"PSO_NPGM\":1.0,\"PSO_PDM\":0.9758354096,\"PSO_SRM\":0.9972342152},\"PSO_PDM\":{\"PSO\":0.9758354096,\"SHADE\":0.0794182833,\"PSO_RR\":0.6757402287,\"PSO_GPGM\":0.9758354096,\"PSO_NPGM\":0.9758354096,\"PSO_PDM\":1.0,\"PSO_SRM\":0.9999491375},\"PSO_SRM\":{\"PSO\":0.9972342152,\"SHADE\":0.1632981454,\"PSO_RR\":0.4782106192,\"PSO_GPGM\":0.9972342152,\"PSO_NPGM\":0.9972342152,\"PSO_PDM\":0.9999491375,\"PSO_SRM\":1.0}}"}