{"Friedman statistic": 21.599999999999994, "Friedman pvalue": 0.0014304131791913791, "Average ranks": "{\"PSO\":0.7428571429,\"PSO_GPGM\":0.3428571429,\"PSO_NPGM\":0.3142857143,\"PSO_PDM\":0.6,\"PSO_RR\":0.3142857143,\"PSO_SRM\":0.6857142857,\"SHADE\":1.0}", "Nemenyi Friedman": "{\"PSO\":{\"PSO\":1.0,\"SHADE\":0.8440405986,\"PSO_RR\":0.2976370473,\"PSO_GPGM\":0.3833648396,\"PSO_NPGM\":0.2976370473,\"PSO_PDM\":0.9906454989,\"PSO_SRM\":0.9999491375},\"SHADE\":{\"PSO\":0.8440405986,\"SHADE\":1.0,\"PSO_RR\":0.0080594293,\"PSO_GPGM\":0.0134230336,\"PSO_NPGM\":0.0080594293,\"PSO_PDM\":0.3833648396,\"PSO_SRM\":0.6757402287},\"PSO_RR\":{\"PSO\":0.2976370473,\"SHADE\":0.0080594293,\"PSO_RR\":1.0,\"PSO_GPGM\":0.9999991719,\"PSO_NPGM\":1.0,\"PSO_PDM\":0.7663785771,\"PSO_SRM\":0.4782106192},\"PSO_GPGM\":{\"PSO\":0.3833648396,\"SHADE\":0.0134230336,\"PSO_RR\":0.9999991719,\"PSO_GPGM\":1.0,\"PSO_NPGM\":0.9999991719,\"PSO_PDM\":0.8440405986,\"PSO_SRM\":0.5776101297},\"PSO_NPGM\":{\"PSO\":0.2976370473,\"SHADE\":0.0080594293,\"PSO_RR\":1.0,\"PSO_GPGM\":0.9999991719,\"PSO_NPGM\":1.0,\"PSO_PDM\":0.7663785771,\"PSO_SRM\":0.4782106192},\"PSO_PDM\":{\"PSO\":0.9906454989,\"SHADE\":0.3833648396,\"PSO_RR\":0.7663785771,\"PSO_GPGM\":0.8440405986,\"PSO_NPGM\":0.7663785771,\"PSO_PDM\":1.0,\"PSO_SRM\":0.9994588575},\"PSO_SRM\":{\"PSO\":0.9999491375,\"SHADE\":0.6757402287,\"PSO_RR\":0.4782106192,\"PSO_GPGM\":0.5776101297,\"PSO_NPGM\":0.4782106192,\"PSO_PDM\":0.9994588575,\"PSO_SRM\":1.0}}"}