{"Friedman statistic": 26.25806451612903, "Friedman pvalue": 0.0001992960295018516, "Average ranks": "{\"PSO\":0.8571428571,\"PSO_GPGM\":0.3571428571,\"PSO_NPGM\":0.3428571429,\"PSO_PDM\":0.5714285714,\"PSO_RR\":0.2142857143,\"PSO_SRM\":0.6571428571,\"SHADE\":1.0}", "Nemenyi Friedman": "{\"PSO\":{\"PSO\":1.0,\"SHADE\":0.9906454989,\"PSO_RR\":0.0171582473,\"PSO_GPGM\":0.1378846719,\"PSO_NPGM\":0.1155635841,\"PSO_PDM\":0.7663785771,\"PSO_SRM\":0.9484982703},\"SHADE\":{\"PSO\":0.9906454989,\"SHADE\":1.0,\"PSO_RR\":0.0011140718,\"PSO_GPGM\":0.0171582473,\"PSO_NPGM\":0.0134230336,\"PSO_PDM\":0.2976370473,\"PSO_SRM\":0.5776101297},\"PSO_RR\":{\"PSO\":0.0171582473,\"SHADE\":0.0011140718,\"PSO_RR\":1.0,\"PSO_GPGM\":0.9906454989,\"PSO_NPGM\":0.9947037357,\"PSO_PDM\":0.5276837818,\"PSO_SRM\":0.2591582881},\"PSO_GPGM\":{\"PSO\":0.1378846719,\"SHADE\":0.0171582473,\"PSO_RR\":0.9906454989,\"PSO_GPGM\":1.0,\"PSO_NPGM\":0.9999999869,\"PSO_PDM\":0.9289616379,\"PSO_SRM\":0.7223700234},\"PSO_NPGM\":{\"PSO\":0.1155635841,\"SHADE\":0.0134230336,\"PSO_RR\":0.9947037357,\"PSO_GPGM\":0.9999999869,\"PSO_NPGM\":1.0,\"PSO_PDM\":0.9050960943,\"PSO_SRM\":0.6757402287},\"PSO_PDM\":{\"PSO\":0.7663785771,\"SHADE\":0.2976370473,\"PSO_RR\":0.5276837818,\"PSO_GPGM\":0.9289616379,\"PSO_NPGM\":0.9050960943,\"PSO_PDM\":1.0,\"PSO_SRM\":0.9994588575},\"PSO_SRM\":{\"PSO\":0.9484982703,\"SHADE\":0.5776101297,\"PSO_RR\":0.2591582881,\"PSO_GPGM\":0.7223700234,\"PSO_NPGM\":0.6757402287,\"PSO_PDM\":0.9994588575,\"PSO_SRM\":1.0}}"}