{"Friedman statistic": 27.171428571428578, "Friedman pvalue": 0.0001344811091649518, "Average ranks": "{\"PSO\":0.8571428571,\"PSO_GPGM\":0.3714285714,\"PSO_NPGM\":0.4285714286,\"PSO_PDM\":0.6571428571,\"PSO_RR\":0.1428571429,\"PSO_SRM\":0.5428571429,\"SHADE\":1.0}", "Nemenyi Friedman": "{\"PSO\":{\"PSO\":1.0,\"SHADE\":0.9906454989,\"PSO_RR\":0.0047195829,\"PSO_GPGM\":0.1632981454,\"PSO_NPGM\":0.2976370473,\"PSO_PDM\":0.9484982703,\"PSO_SRM\":0.6757402287},\"SHADE\":{\"PSO\":0.9906454989,\"SHADE\":1.0,\"PSO_RR\":0.0002272968,\"PSO_GPGM\":0.0217912368,\"PSO_NPGM\":0.0530439276,\"PSO_PDM\":0.5776101297,\"PSO_SRM\":0.2238966868},\"PSO_RR\":{\"PSO\":0.0047195829,\"SHADE\":0.0002272968,\"PSO_RR\":1.0,\"PSO_GPGM\":0.9050960943,\"PSO_NPGM\":0.7663785771,\"PSO_PDM\":0.1155635841,\"PSO_SRM\":0.3833648396},\"PSO_GPGM\":{\"PSO\":0.1632981454,\"SHADE\":0.0217912368,\"PSO_RR\":0.9050960943,\"PSO_GPGM\":1.0,\"PSO_NPGM\":0.9999491375,\"PSO_PDM\":0.7663785771,\"PSO_SRM\":0.9758354096},\"PSO_NPGM\":{\"PSO\":0.2976370473,\"SHADE\":0.0530439276,\"PSO_RR\":0.7663785771,\"PSO_GPGM\":0.9999491375,\"PSO_NPGM\":1.0,\"PSO_PDM\":0.9050960943,\"PSO_SRM\":0.9972342152},\"PSO_PDM\":{\"PSO\":0.9484982703,\"SHADE\":0.5776101297,\"PSO_RR\":0.1155635841,\"PSO_GPGM\":0.7663785771,\"PSO_NPGM\":0.9050960943,\"PSO_PDM\":1.0,\"PSO_SRM\":0.9972342152},\"PSO_SRM\":{\"PSO\":0.6757402287,\"SHADE\":0.2238966868,\"PSO_RR\":0.3833648396,\"PSO_GPGM\":0.9758354096,\"PSO_NPGM\":0.9972342152,\"PSO_PDM\":0.9972342152,\"PSO_SRM\":1.0}}"}