{"Friedman statistic": 14.914285714285711, "Friedman pvalue": 0.020933958571733156, "Average ranks": "{\"PSO\":0.8285714286,\"PSO_GPGM\":0.6571428571,\"PSO_NPGM\":0.6285714286,\"PSO_PDM\":0.6285714286,\"PSO_RR\":0.4571428571,\"PSO_SRM\":0.6571428571,\"SHADE\":0.1428571429}", "Nemenyi Friedman": "{\"PSO\":{\"PSO\":1.0,\"SHADE\":0.0080594293,\"PSO_RR\":0.4782106192,\"PSO_GPGM\":0.9758354096,\"PSO_NPGM\":0.9484982703,\"PSO_PDM\":0.9484982703,\"PSO_SRM\":0.9758354096},\"SHADE\":{\"PSO\":0.0080594293,\"SHADE\":1.0,\"PSO_RR\":0.6757402287,\"PSO_GPGM\":0.1155635841,\"PSO_NPGM\":0.1632981454,\"PSO_PDM\":0.1632981454,\"PSO_SRM\":0.1155635841},\"PSO_RR\":{\"PSO\":0.4782106192,\"SHADE\":0.6757402287,\"PSO_RR\":1.0,\"PSO_GPGM\":0.9484982703,\"PSO_NPGM\":0.9758354096,\"PSO_PDM\":0.9758354096,\"PSO_SRM\":0.9484982703},\"PSO_GPGM\":{\"PSO\":0.9758354096,\"SHADE\":0.1155635841,\"PSO_RR\":0.9484982703,\"PSO_GPGM\":1.0,\"PSO_NPGM\":0.9999991719,\"PSO_PDM\":0.9999991719,\"PSO_SRM\":1.0},\"PSO_NPGM\":{\"PSO\":0.9484982703,\"SHADE\":0.1632981454,\"PSO_RR\":0.9758354096,\"PSO_GPGM\":0.9999991719,\"PSO_NPGM\":1.0,\"PSO_PDM\":1.0,\"PSO_SRM\":0.9999991719},\"PSO_PDM\":{\"PSO\":0.9484982703,\"SHADE\":0.1632981454,\"PSO_RR\":0.9758354096,\"PSO_GPGM\":0.9999991719,\"PSO_NPGM\":1.0,\"PSO_PDM\":1.0,\"PSO_SRM\":0.9999991719},\"PSO_SRM\":{\"PSO\":0.9758354096,\"SHADE\":0.1155635841,\"PSO_RR\":0.9484982703,\"PSO_GPGM\":1.0,\"PSO_NPGM\":0.9999991719,\"PSO_PDM\":0.9999991719,\"PSO_SRM\":1.0}}"}