{"Friedman statistic": 20.742857142857133, "Friedman pvalue": 0.002040288166089286, "Average ranks": "{\"PSO\":0.6,\"PSO_GPGM\":0.6285714286,\"PSO_NPGM\":0.4285714286,\"PSO_PDM\":0.6285714286,\"PSO_RR\":0.1428571429,\"PSO_SRM\":0.5714285714,\"SHADE\":1.0}", "Nemenyi Friedman": "{\"PSO\":{\"PSO\":1.0,\"SHADE\":0.3833648396,\"PSO_RR\":0.2238966868,\"PSO_GPGM\":0.9999991719,\"PSO_NPGM\":0.9758354096,\"PSO_PDM\":0.9999991719,\"PSO_SRM\":0.9999991719},\"SHADE\":{\"PSO\":0.3833648396,\"SHADE\":1.0,\"PSO_RR\":0.0002272968,\"PSO_GPGM\":0.4782106192,\"PSO_NPGM\":0.0530439276,\"PSO_PDM\":0.4782106192,\"PSO_SRM\":0.2976370473},\"PSO_RR\":{\"PSO\":0.2238966868,\"SHADE\":0.0002272968,\"PSO_RR\":1.0,\"PSO_GPGM\":0.1632981454,\"PSO_NPGM\":0.7663785771,\"PSO_PDM\":0.1632981454,\"PSO_SRM\":0.2976370473},\"PSO_GPGM\":{\"PSO\":0.9999991719,\"SHADE\":0.4782106192,\"PSO_RR\":0.1632981454,\"PSO_GPGM\":1.0,\"PSO_NPGM\":0.9484982703,\"PSO_PDM\":1.0,\"PSO_SRM\":0.9999491375},\"PSO_NPGM\":{\"PSO\":0.9758354096,\"SHADE\":0.0530439276,\"PSO_RR\":0.7663785771,\"PSO_GPGM\":0.9484982703,\"PSO_NPGM\":1.0,\"PSO_PDM\":0.9484982703,\"PSO_SRM\":0.9906454989},\"PSO_PDM\":{\"PSO\":0.9999991719,\"SHADE\":0.4782106192,\"PSO_RR\":0.1632981454,\"PSO_GPGM\":1.0,\"PSO_NPGM\":0.9484982703,\"PSO_PDM\":1.0,\"PSO_SRM\":0.9999491375},\"PSO_SRM\":{\"PSO\":0.9999991719,\"SHADE\":0.2976370473,\"PSO_RR\":0.2976370473,\"PSO_GPGM\":0.9999491375,\"PSO_NPGM\":0.9906454989,\"PSO_PDM\":0.9999491375,\"PSO_SRM\":1.0}}"}