{"Friedman statistic": 20.293333333333322, "Friedman pvalue": 0.0024552746358038014, "Average ranks": "{\"PSO\":0.5,\"PSO_GPGM\":0.7,\"PSO_NPGM\":0.4714285714,\"PSO_PDM\":0.5571428571,\"PSO_RR\":0.2714285714,\"PSO_SRM\":0.5,\"SHADE\":1.0}", "Nemenyi Friedman": "{\"PSO\":{\"PSO\":1.0,\"SHADE\":0.1378846719,\"PSO_RR\":0.9050960943,\"PSO_GPGM\":0.9484982703,\"PSO_NPGM\":0.9999991719,\"PSO_PDM\":0.9999491375,\"PSO_SRM\":1.0},\"SHADE\":{\"PSO\":0.1378846719,\"SHADE\":1.0,\"PSO_RR\":0.0035785568,\"PSO_GPGM\":0.7223700234,\"PSO_NPGM\":0.0961481485,\"PSO_PDM\":0.2591582881,\"PSO_SRM\":0.1378846719},\"PSO_RR\":{\"PSO\":0.9050960943,\"SHADE\":0.0035785568,\"PSO_RR\":1.0,\"PSO_GPGM\":0.2976370473,\"PSO_NPGM\":0.9484982703,\"PSO_PDM\":0.7663785771,\"PSO_SRM\":0.9050960943},\"PSO_GPGM\":{\"PSO\":0.9484982703,\"SHADE\":0.7223700234,\"PSO_RR\":0.2976370473,\"PSO_GPGM\":1.0,\"PSO_NPGM\":0.9050960943,\"PSO_PDM\":0.9906454989,\"PSO_SRM\":0.9484982703},\"PSO_NPGM\":{\"PSO\":0.9999991719,\"SHADE\":0.0961481485,\"PSO_RR\":0.9484982703,\"PSO_GPGM\":0.9050960943,\"PSO_NPGM\":1.0,\"PSO_PDM\":0.9994588575,\"PSO_SRM\":0.9999991719},\"PSO_PDM\":{\"PSO\":0.9999491375,\"SHADE\":0.2591582881,\"PSO_RR\":0.7663785771,\"PSO_GPGM\":0.9906454989,\"PSO_NPGM\":0.9994588575,\"PSO_PDM\":1.0,\"PSO_SRM\":0.9999491375},\"PSO_SRM\":{\"PSO\":1.0,\"SHADE\":0.1378846719,\"PSO_RR\":0.9050960943,\"PSO_GPGM\":0.9484982703,\"PSO_NPGM\":0.9999991719,\"PSO_PDM\":0.9999491375,\"PSO_SRM\":1.0}}"}