{"Friedman statistic": 32.581632653061206, "Friedman pvalue": 1.2619424898110568e-05, "Average ranks": "{\"PSO\":0.7410714286,\"PSO_GPGM\":0.6547619048,\"PSO_NPGM\":0.5386904762,\"PSO_PDM\":0.6517857143,\"PSO_RR\":0.3095238095,\"PSO_SRM\":0.568452381,\"SHADE\":0.5357142857}", "Nemenyi Friedman": "{\"PSO\":{\"PSO\":1.0,\"SHADE\":0.2413273765,\"PSO_RR\":0.0000262245,\"PSO_GPGM\":0.9606677567,\"PSO_NPGM\":0.2577729472,\"PSO_PDM\":0.9536661972,\"PSO_SRM\":0.4551608137},\"SHADE\":{\"PSO\":0.2413273765,\"SHADE\":1.0,\"PSO_RR\":0.1454469893,\"PSO_GPGM\":0.8349229542,\"PSO_NPGM\":0.9999999999,\"PSO_PDM\":0.8508988891,\"PSO_SRM\":0.9998072477},\"PSO_RR\":{\"PSO\":0.0000262245,\"SHADE\":0.1454469893,\"PSO_RR\":1.0,\"PSO_GPGM\":0.0020522807,\"PSO_NPGM\":0.1344479746,\"PSO_PDM\":0.0023428371,\"PSO_SRM\":0.0563399552},\"PSO_GPGM\":{\"PSO\":0.9606677567,\"SHADE\":0.8349229542,\"PSO_RR\":0.0020522807,\"PSO_GPGM\":1.0,\"PSO_NPGM\":0.8508988891,\"PSO_PDM\":0.9999999999,\"PSO_SRM\":0.9606677567},\"PSO_NPGM\":{\"PSO\":0.2577729472,\"SHADE\":0.9999999999,\"PSO_RR\":0.1344479746,\"PSO_GPGM\":0.8508988891,\"PSO_NPGM\":1.0,\"PSO_PDM\":0.8659869068,\"PSO_SRM\":0.9998895584},\"PSO_PDM\":{\"PSO\":0.9536661972,\"SHADE\":0.8508988891,\"PSO_RR\":0.0023428371,\"PSO_GPGM\":0.9999999999,\"PSO_NPGM\":0.8659869068,\"PSO_PDM\":1.0,\"PSO_SRM\":0.9668874283},\"PSO_SRM\":{\"PSO\":0.4551608137,\"SHADE\":0.9998072477,\"PSO_RR\":0.0563399552,\"PSO_GPGM\":0.9606677567,\"PSO_NPGM\":0.9998895584,\"PSO_PDM\":0.9668874283,\"PSO_SRM\":1.0}}"}