{"Friedman statistic": 18.936802973977702, "Friedman pvalue": 0.004271704972299335, "Average ranks": "{\"PSO\":0.8142857143,\"PSO_GPGM\":0.5857142857,\"PSO_NPGM\":0.5571428571,\"PSO_PDM\":0.8428571429,\"PSO_RR\":0.4142857143,\"PSO_SRM\":0.6428571429,\"SHADE\":0.1428571429}", "Nemenyi Friedman": "{\"PSO\":{\"PSO\":1.0,\"SHADE\":0.0104339803,\"PSO_RR\":0.3833648396,\"PSO_GPGM\":0.9050960943,\"PSO_NPGM\":0.8440405986,\"PSO_PDM\":0.9999991719,\"PSO_SRM\":0.9758354096},\"SHADE\":{\"PSO\":0.0104339803,\"SHADE\":1.0,\"PSO_RR\":0.8071132944,\"PSO_GPGM\":0.2591582881,\"PSO_NPGM\":0.3391400649,\"PSO_PDM\":0.0061865051,\"PSO_SRM\":0.1378846719},\"PSO_RR\":{\"PSO\":0.3833648396,\"SHADE\":0.8071132944,\"PSO_RR\":1.0,\"PSO_GPGM\":0.9758354096,\"PSO_NPGM\":0.9906454989,\"PSO_PDM\":0.2976370473,\"PSO_SRM\":0.9050960943},\"PSO_GPGM\":{\"PSO\":0.9050960943,\"SHADE\":0.2591582881,\"PSO_RR\":0.9758354096,\"PSO_GPGM\":1.0,\"PSO_NPGM\":0.9999991719,\"PSO_PDM\":0.8440405986,\"PSO_SRM\":0.9999491375},\"PSO_NPGM\":{\"PSO\":0.8440405986,\"SHADE\":0.3391400649,\"PSO_RR\":0.9906454989,\"PSO_GPGM\":0.9999991719,\"PSO_NPGM\":1.0,\"PSO_PDM\":0.7663785771,\"PSO_SRM\":0.9994588575},\"PSO_PDM\":{\"PSO\":0.9999991719,\"SHADE\":0.0061865051,\"PSO_RR\":0.2976370473,\"PSO_GPGM\":0.8440405986,\"PSO_NPGM\":0.7663785771,\"PSO_PDM\":1.0,\"PSO_SRM\":0.9484982703},\"PSO_SRM\":{\"PSO\":0.9758354096,\"SHADE\":0.1378846719,\"PSO_RR\":0.9050960943,\"PSO_GPGM\":0.9999491375,\"PSO_NPGM\":0.9994588575,\"PSO_PDM\":0.9484982703,\"PSO_SRM\":1.0}}"}